<?xml version="1.0" encoding="UTF-8"?><INTERNAL><external_declaration idref="2"><declaration idref="4"><declaration_specifiers idref="8"><class_specifier extSCModule="true" idref="10" keyword="class" name="paperTimeAgnostic"><base_clause column="28" file="paper_time_agnostic.h" idref="12" line="8"><base_specifier column="28" file="paper_time_agnostic.h" idref="14" length="0" line="8" name="sc_module" sc_dt="true"><base_class_access_specifier column="28" file="paper_time_agnostic.h" idref="16" line="8" name="public"/></base_specifier></base_clause><member_declaration column="28" file="paper_time_agnostic.h" idref="18" line="8"><access_specifier column="28" file="paper_time_agnostic.h" idref="20" line="8" name="public"/></member_declaration><member_declaration column="1" file="paper_time_agnostic.h" idref="22" line="9"><member_declarator_list column="1" file="paper_time_agnostic.h" idref="24" line="9"><sc_port_specifier column="1" file="paper_time_agnostic.h" idref="26" line="9" name="sc_inout" numOfChanels="1"><declaration_specifiers column="11" file="paper_time_agnostic.h" idref="28" line="9"><builtin_type_specifier column="11" file="paper_time_agnostic.h" idref="30" length="0" line="9" name="int" sc_dt="false"/></declaration_specifiers></sc_port_specifier><member_declarator column="15" file="paper_time_agnostic.h" idref="32" line="9"><declarator column="15" file="paper_time_agnostic.h" idref="34" line="9"><qualified_id column="15" file="paper_time_agnostic.h" idref="36" line="9" name="bus"/></declarator></member_declarator></member_declarator_list></member_declaration><member_declaration column="20" file="paper_time_agnostic.h" idref="38" line="12"><member_declarator_list column="20" file="paper_time_agnostic.h" idref="40" line="12"><declaration_specifiers column="20" file="paper_time_agnostic.h" idref="42" line="12"><builtin_type_specifier column="20" file="paper_time_agnostic.h" idref="44" length="0" line="12" name="int" sc_dt="false"/></declaration_specifiers><member_declarator column="3" file="paper_time_agnostic.h" idref="46" line="12"><declarator column="3" file="paper_time_agnostic.h" idref="48" line="12"><qualified_id column="3" file="paper_time_agnostic.h" idref="50" line="12" name="SECRET_IN"/></declarator></member_declarator></member_declarator_list></member_declaration><member_declaration column="16" file="paper_time_agnostic.h" idref="52" line="13"><member_declarator_list column="16" file="paper_time_agnostic.h" idref="54" line="13"><declaration_specifiers column="16" file="paper_time_agnostic.h" idref="56" line="13"><builtin_type_specifier column="16" file="paper_time_agnostic.h" idref="58" length="0" line="13" name="int" sc_dt="false"/></declaration_specifiers><member_declarator column="3" file="paper_time_agnostic.h" idref="60" line="13"><declarator column="3" file="paper_time_agnostic.h" idref="62" line="13"><qualified_id column="3" file="paper_time_agnostic.h" idref="64" line="13" name="SECRET_OUT"/></declarator></member_declarator></member_declarator_list></member_declaration><member_declaration column="17" file="paper_time_agnostic.h" idref="66" line="14"><member_declarator_list column="17" file="paper_time_agnostic.h" idref="68" line="14"><declaration_specifiers column="17" file="paper_time_agnostic.h" idref="70" line="14"><builtin_type_specifier column="17" file="paper_time_agnostic.h" idref="72" length="0" line="14" name="int" sc_dt="false"/></declaration_specifiers><member_declarator column="3" file="paper_time_agnostic.h" idref="74" line="14"><declarator column="3" file="paper_time_agnostic.h" idref="76" line="14"><qualified_id column="3" file="paper_time_agnostic.h" idref="78" line="14" name="PUBLIC_IN"/></declarator></member_declarator></member_declarator_list></member_declaration><member_declaration column="16" file="paper_time_agnostic.h" idref="80" line="15"><member_declarator_list column="16" file="paper_time_agnostic.h" idref="82" line="15"><declaration_specifiers column="16" file="paper_time_agnostic.h" idref="84" line="15"><builtin_type_specifier column="16" file="paper_time_agnostic.h" idref="86" length="0" line="15" name="int" sc_dt="false"/></declaration_specifiers><member_declarator column="3" file="paper_time_agnostic.h" idref="88" line="15"><declarator column="3" file="paper_time_agnostic.h" idref="90" line="15"><qualified_id column="3" file="paper_time_agnostic.h" idref="92" line="15" name="PUBLIC_OUT"/></declarator></member_declarator></member_declarator_list></member_declaration><member_declaration column="17" file="paper_time_agnostic.h" idref="94" line="17"><function_definition column="17" file="paper_time_agnostic.h" idref="96" line="17"><declaration_specifiers column="17" file="paper_time_agnostic.h" idref="98" line="17"><builtin_type_specifier column="17" file="paper_time_agnostic.h" idref="100" length="0" line="17" name="void" sc_dt="false"/></declaration_specifiers><function_declarator column="3" file="paper_time_agnostic.h" idref="102" line="17"><qualified_id column="3" file="paper_time_agnostic.h" idref="104" line="17" name="produce"/></function_declarator><block column="16" file="paper_time_agnostic.h" idref="106" line="17"><block_statement column="18" file="paper_time_agnostic.h" idref="108" line="18"><while_statement column="18" file="paper_time_agnostic.h" idref="110" line="18"><primary_expression column="11" file="paper_time_agnostic.h" idref="114" line="18"><constant column="11" file="paper_time_agnostic.h" idref="116" line="18" value="true"/></primary_expression><block column="16" file="paper_time_agnostic.h" idref="118" line="18"><block_statement column="18" file="paper_time_agnostic.h" idref="120" line="19"><declaration column="18" file="paper_time_agnostic.h" idref="122" line="19"><init_declarator_list column="18" file="paper_time_agnostic.h" idref="124" line="19"><declaration_specifiers column="18" file="paper_time_agnostic.h" idref="126" line="19"><builtin_type_specifier column="18" file="paper_time_agnostic.h" idref="128" length="0" line="19" name="int" sc_dt="false"/></declaration_specifiers><init_declarator column="7" file="paper_time_agnostic.h" idref="130" line="19"><declarator column="7" file="paper_time_agnostic.h" idref="132" line="19"><qualified_id column="7" file="paper_time_agnostic.h" idref="134" line="19" name="data"/></declarator><initializer column="16" file="paper_time_agnostic.h" idref="136" line="19"><primary_expression column="16" file="paper_time_agnostic.h" idref="140" line="19"><id_expression column="18" file="paper_time_agnostic.h" idref="142" line="19" name="SECRET_IN"/></primary_expression></initializer></init_declarator></init_declarator_list></declaration></block_statement><block_statement column="27" file="paper_time_agnostic.h" idref="144" line="20"><postfix_expression column="27" file="paper_time_agnostic.h" idref="146" line="20"><primary_expression column="27" file="paper_time_agnostic.h" idref="148" line="20"><id_expression column="7" file="paper_time_agnostic.h" idref="150" line="20" name="bus"/></primary_expression><dereferencing_operator column="7" file="paper_time_agnostic.h" idref="152" line="20" name="&amp;"/><id_expression column="11" file="paper_time_agnostic.h" idref="154" line="20" name="write"/><arguments column="11" file="paper_time_agnostic.h" idref="156" line="20"><arguments_list column="16" file="paper_time_agnostic.h" idref="158" line="20"><primary_expression column="16" file="paper_time_agnostic.h" idref="162" line="20"><id_expression column="17" file="paper_time_agnostic.h" idref="164" line="20" name="data"/></primary_expression></arguments_list></arguments></postfix_expression></block_statement><block_statement column="22" file="paper_time_agnostic.h" idref="166" line="21"><systemCRoutine column="22" file="paper_time_agnostic.h" idref="170" line="21" name="wait"><arguments column="7" file="paper_time_agnostic.h" idref="172" line="21"><arguments_list column="11" file="paper_time_agnostic.h" idref="174" line="21"><primary_expression column="11" file="paper_time_agnostic.h" idref="178" line="21"><constant column="11" file="paper_time_agnostic.h" idref="180" line="21" value="SC_ZERO_TIME"/></primary_expression></arguments_list></arguments></systemCRoutine></block_statement><block_statement column="25" file="paper_time_agnostic.h" idref="182" line="22"><assignment column="12" file="paper_time_agnostic.h" idref="192" line="22"><primary_expression column="25" file="paper_time_agnostic.h" idref="186" line="22"><id_expression column="7" file="paper_time_agnostic.h" idref="188" line="22" name="data"/></primary_expression><assignment_operator column="7" file="paper_time_agnostic.h" idref="190" line="22"/><primary_expression column="12" file="paper_time_agnostic.h" idref="196" line="22"><id_expression column="14" file="paper_time_agnostic.h" idref="198" line="22" name="PUBLIC_IN"/></primary_expression></assignment></block_statement><block_statement column="23" file="paper_time_agnostic.h" idref="200" line="23"><postfix_expression column="23" file="paper_time_agnostic.h" idref="202" line="23"><primary_expression column="23" file="paper_time_agnostic.h" idref="204" line="23"><id_expression column="7" file="paper_time_agnostic.h" idref="206" line="23" name="bus"/></primary_expression><dereferencing_operator column="7" file="paper_time_agnostic.h" idref="208" line="23" name="&amp;"/><id_expression column="11" file="paper_time_agnostic.h" idref="210" line="23" name="write"/><arguments column="11" file="paper_time_agnostic.h" idref="212" line="23"><arguments_list column="16" file="paper_time_agnostic.h" idref="214" line="23"><primary_expression column="16" file="paper_time_agnostic.h" idref="218" line="23"><id_expression column="17" file="paper_time_agnostic.h" idref="220" line="23" name="data"/></primary_expression></arguments_list></arguments></postfix_expression></block_statement><block_statement column="22" file="paper_time_agnostic.h" idref="222" line="24"><systemCRoutine column="22" file="paper_time_agnostic.h" idref="226" line="24" name="wait"><arguments column="7" file="paper_time_agnostic.h" idref="228" line="24"><arguments_list column="11" file="paper_time_agnostic.h" idref="230" line="24"><primary_expression column="11" file="paper_time_agnostic.h" idref="234" line="24"><constant column="11" file="paper_time_agnostic.h" idref="236" line="24" value="SC_ZERO_TIME"/></primary_expression></arguments_list></arguments></systemCRoutine></block_statement></block></while_statement></block_statement></block></function_definition></member_declaration><member_declaration column="3" file="paper_time_agnostic.h" idref="238" line="28"><function_definition column="3" file="paper_time_agnostic.h" idref="240" line="28"><declaration_specifiers column="3" file="paper_time_agnostic.h" idref="242" line="28"><builtin_type_specifier column="3" file="paper_time_agnostic.h" idref="244" length="0" line="28" name="void" sc_dt="false"/></declaration_specifiers><function_declarator column="3" file="paper_time_agnostic.h" idref="246" line="28"><qualified_id column="3" file="paper_time_agnostic.h" idref="248" line="28" name="consume_secret"/></function_declarator><block column="23" file="paper_time_agnostic.h" idref="250" line="28"><block_statement column="25" file="paper_time_agnostic.h" idref="252" line="29"><systemCRoutine column="25" file="paper_time_agnostic.h" idref="256" line="29" name="wait"><arguments column="5" file="paper_time_agnostic.h" idref="258" line="29"><arguments_list column="9" file="paper_time_agnostic.h" idref="260" line="29"><primary_expression column="9" file="paper_time_agnostic.h" idref="264" line="29"><constant column="9" file="paper_time_agnostic.h" idref="266" line="29" value="SC_ZERO_TIME"/></primary_expression></arguments_list></arguments></systemCRoutine></block_statement><block_statement column="23" file="paper_time_agnostic.h" idref="268" line="30"><while_statement column="23" file="paper_time_agnostic.h" idref="270" line="30"><primary_expression column="11" file="paper_time_agnostic.h" idref="274" line="30"><constant column="11" file="paper_time_agnostic.h" idref="276" line="30" value="true"/></primary_expression><block column="16" file="paper_time_agnostic.h" idref="278" line="30"><block_statement column="18" file="paper_time_agnostic.h" idref="280" line="31"><declaration column="18" file="paper_time_agnostic.h" idref="282" line="31"><init_declarator_list column="18" file="paper_time_agnostic.h" idref="284" line="31"><declaration_specifiers column="18" file="paper_time_agnostic.h" idref="286" line="31"><builtin_type_specifier column="18" file="paper_time_agnostic.h" idref="288" length="0" line="31" name="int" sc_dt="false"/></declaration_specifiers><init_declarator column="7" file="paper_time_agnostic.h" idref="290" line="31"><declarator column="7" file="paper_time_agnostic.h" idref="292" line="31"><qualified_id column="7" file="paper_time_agnostic.h" idref="294" line="31" name="read"/></declarator><initializer column="16" file="paper_time_agnostic.h" idref="296" line="31"><postfix_expression column="16" file="paper_time_agnostic.h" idref="298" line="31"><primary_expression column="16" file="paper_time_agnostic.h" idref="300" line="31"><id_expression column="18" file="paper_time_agnostic.h" idref="302" line="31" name="bus"/></primary_expression><dereferencing_operator column="18" file="paper_time_agnostic.h" idref="304" line="31" name="&amp;"/><id_expression column="22" file="paper_time_agnostic.h" idref="306" line="31" name="read"/><arguments column="22" file="paper_time_agnostic.h" idref="308" line="31"/></postfix_expression></initializer></init_declarator></init_declarator_list></declaration></block_statement><block_statement column="28" file="paper_time_agnostic.h" idref="310" line="32"><assignment column="18" file="paper_time_agnostic.h" idref="320" line="32"><primary_expression column="28" file="paper_time_agnostic.h" idref="314" line="32"><id_expression column="7" file="paper_time_agnostic.h" idref="316" line="32" name="SECRET_OUT"/></primary_expression><assignment_operator column="7" file="paper_time_agnostic.h" idref="318" line="32"/><primary_expression column="18" file="paper_time_agnostic.h" idref="324" line="32"><id_expression column="20" file="paper_time_agnostic.h" idref="326" line="32" name="read"/></primary_expression></assignment></block_statement><block_statement column="24" file="paper_time_agnostic.h" idref="328" line="33"><systemCRoutine column="24" file="paper_time_agnostic.h" idref="332" line="33" name="wait"><arguments column="7" file="paper_time_agnostic.h" idref="334" line="33"><arguments_list column="11" file="paper_time_agnostic.h" idref="336" line="33"><primary_expression column="11" file="paper_time_agnostic.h" idref="340" line="33"><constant column="11" file="paper_time_agnostic.h" idref="342" line="33" value="SC_ZERO_TIME"/></primary_expression></arguments_list></arguments></systemCRoutine></block_statement></block></while_statement></block_statement></block></function_definition></member_declaration><member_declaration column="3" file="paper_time_agnostic.h" idref="344" line="37"><function_definition column="3" file="paper_time_agnostic.h" idref="346" line="37"><declaration_specifiers column="3" file="paper_time_agnostic.h" idref="348" line="37"><builtin_type_specifier column="3" file="paper_time_agnostic.h" idref="350" length="0" line="37" name="void" sc_dt="false"/></declaration_specifiers><function_declarator column="3" file="paper_time_agnostic.h" idref="352" line="37"><qualified_id column="3" file="paper_time_agnostic.h" idref="354" line="37" name="consume_public"/></function_declarator><block column="23" file="paper_time_agnostic.h" idref="356" line="37"><block_statement column="25" file="paper_time_agnostic.h" idref="358" line="38"><while_statement column="25" file="paper_time_agnostic.h" idref="360" line="38"><primary_expression column="11" file="paper_time_agnostic.h" idref="364" line="38"><constant column="11" file="paper_time_agnostic.h" idref="366" line="38" value="true"/></primary_expression><block column="16" file="paper_time_agnostic.h" idref="368" line="38"><block_statement column="18" file="paper_time_agnostic.h" idref="370" line="39"><systemCRoutine column="18" file="paper_time_agnostic.h" idref="374" line="39" name="wait"><arguments column="7" file="paper_time_agnostic.h" idref="376" line="39"><arguments_list column="11" file="paper_time_agnostic.h" idref="378" line="39"><primary_expression column="11" file="paper_time_agnostic.h" idref="382" line="39"><constant column="11" file="paper_time_agnostic.h" idref="384" line="39" value="SC_ZERO_TIME"/></primary_expression></arguments_list></arguments></systemCRoutine></block_statement><block_statement column="25" file="paper_time_agnostic.h" idref="386" line="40"><declaration column="25" file="paper_time_agnostic.h" idref="388" line="40"><init_declarator_list column="25" file="paper_time_agnostic.h" idref="390" line="40"><declaration_specifiers column="25" file="paper_time_agnostic.h" idref="392" line="40"><builtin_type_specifier column="25" file="paper_time_agnostic.h" idref="394" length="0" line="40" name="int" sc_dt="false"/></declaration_specifiers><init_declarator column="7" file="paper_time_agnostic.h" idref="396" line="40"><declarator column="7" file="paper_time_agnostic.h" idref="398" line="40"><qualified_id column="7" file="paper_time_agnostic.h" idref="400" line="40" name="read"/></declarator><initializer column="16" file="paper_time_agnostic.h" idref="402" line="40"><postfix_expression column="16" file="paper_time_agnostic.h" idref="404" line="40"><primary_expression column="16" file="paper_time_agnostic.h" idref="406" line="40"><id_expression column="18" file="paper_time_agnostic.h" idref="408" line="40" name="bus"/></primary_expression><dereferencing_operator column="18" file="paper_time_agnostic.h" idref="410" line="40" name="&amp;"/><id_expression column="22" file="paper_time_agnostic.h" idref="412" line="40" name="read"/><arguments column="22" file="paper_time_agnostic.h" idref="414" line="40"/></postfix_expression></initializer></init_declarator></init_declarator_list></declaration></block_statement><block_statement column="28" file="paper_time_agnostic.h" idref="416" line="41"><assignment column="18" file="paper_time_agnostic.h" idref="426" line="41"><primary_expression column="28" file="paper_time_agnostic.h" idref="420" line="41"><id_expression column="7" file="paper_time_agnostic.h" idref="422" line="41" name="PUBLIC_OUT"/></primary_expression><assignment_operator column="7" file="paper_time_agnostic.h" idref="424" line="41"/><primary_expression column="18" file="paper_time_agnostic.h" idref="430" line="41"><id_expression column="20" file="paper_time_agnostic.h" idref="432" line="41" name="read"/></primary_expression></assignment></block_statement></block></while_statement></block_statement></block></function_definition></member_declaration><member_declaration column="3" file="paper_time_agnostic.h" idref="434" line="46"/><member_declaration column="3" file="paper_time_agnostic.h" idref="436" line="46"><ctor_definition column="3" file="paper_time_agnostic.h" idref="438" line="46"><qualified_id column="10" file="paper_time_agnostic.h" idref="440" line="46" name="paperTimeAgnostic"/><parameter_list column="28" file="paper_time_agnostic.h" idref="442" line="47"><parameter_declaration column="28" file="paper_time_agnostic.h" idref="444" line="47"><declaration_specifiers column="28" file="paper_time_agnostic.h" idref="446" line="47"><builtin_type_specifier column="28" file="paper_time_agnostic.h" idref="448" length="0" line="47" name="sc_module_name" sc_dt="true"/></declaration_specifiers><declarator column="28" file="paper_time_agnostic.h" idref="450" line="47"><qualified_id column="28" file="paper_time_agnostic.h" idref="452" line="47" name="name"/></declarator></parameter_declaration></parameter_list><ctor_initializer column="28" file="paper_time_agnostic.h" idref="454" line="47"><superclass_init column="28" file="paper_time_agnostic.h" idref="456" line="47"><declaration_specifiers column="28" file="paper_time_agnostic.h" idref="458" line="47"><builtin_type_specifier column="28" file="paper_time_agnostic.h" idref="460" length="0" line="47" name="sc_module" sc_dt="true"/></declaration_specifiers><arguments_list column="28" file="paper_time_agnostic.h" idref="462" line="47"><primary_expression column="28" file="paper_time_agnostic.h" idref="464" line="47"><id_expression column="28" file="paper_time_agnostic.h" idref="466" line="47" name="name"/></primary_expression></arguments_list></superclass_init></ctor_initializer><block column="28" file="paper_time_agnostic.h" idref="468" line="47"><sc_thread_block column="3" file="paper_time_agnostic.h" idref="470" line="48"><sc_thread column="3" file="paper_time_agnostic.h" idref="472" line="48" name="produce"/></sc_thread_block><sc_thread_block column="23" file="paper_time_agnostic.h" idref="474" line="49"><sc_thread column="23" file="paper_time_agnostic.h" idref="476" line="49" name="consume_secret"/></sc_thread_block><sc_thread_block column="30" file="paper_time_agnostic.h" idref="478" line="50"><sc_thread column="30" file="paper_time_agnostic.h" idref="480" line="50" name="consume_public"/></sc_thread_block></block></ctor_definition></member_declaration></class_specifier></declaration_specifiers></declaration></external_declaration><external_declaration column="2" file="paper_time_agnostic.cpp" idref="482" line="5"><sc_main_declaration column="2" file="paper_time_agnostic.cpp" idref="484" line="5"><declaration_specifiers column="1" file="paper_time_agnostic.cpp" idref="486" line="5"><builtin_type_specifier column="1" file="paper_time_agnostic.cpp" idref="488" length="0" line="5" name="int" sc_dt="false"/></declaration_specifiers><function_declarator column="5" file="paper_time_agnostic.cpp" idref="490" line="5"><qualified_id column="5" file="paper_time_agnostic.cpp" idref="492" line="5" name="sc_main"/><parameter_list column="12" file="paper_time_agnostic.cpp" idref="494" line="5"><parameter_declaration column="12" file="paper_time_agnostic.cpp" idref="496" line="5"><declaration_specifiers column="12" file="paper_time_agnostic.cpp" idref="498" line="5"><builtin_type_specifier column="12" file="paper_time_agnostic.cpp" idref="500" length="0" line="5" name="int" sc_dt="false"/></declaration_specifiers><declarator column="13" file="paper_time_agnostic.cpp" idref="502" line="5"><qualified_id column="13" file="paper_time_agnostic.cpp" idref="504" line="5" name="argc"/></declarator></parameter_declaration><parameter_declaration column="21" file="paper_time_agnostic.cpp" idref="506" line="5"><declaration_specifiers column="21" file="paper_time_agnostic.cpp" idref="508" line="5"><builtin_type_specifier column="21" file="paper_time_agnostic.cpp" idref="510" length="0" line="5" name="char" sc_dt="false"/></declaration_specifiers><declarator column="23" file="paper_time_agnostic.cpp" idref="512" line="5"><ptr_operator column="23" file="paper_time_agnostic.cpp" idref="514" line="5" name="*"/><declarator column="27" file="paper_time_agnostic.cpp" idref="516" line="5"><qualified_id column="27" file="paper_time_agnostic.cpp" idref="518" line="5" name="argv"/><declarator_suffixes arrayCounter="1" column="29" file="paper_time_agnostic.cpp" idref="520" line="5"/></declarator></declarator></parameter_declaration></parameter_list></function_declarator><block column="35" file="paper_time_agnostic.cpp" idref="522" line="6"><block_statement column="1" file="paper_time_agnostic.cpp" idref="524" line="7"><declaration column="1" file="paper_time_agnostic.cpp" idref="526" line="7"><init_declarator_list column="1" file="paper_time_agnostic.cpp" idref="528" line="7"><declaration_specifiers column="1" file="paper_time_agnostic.cpp" idref="530" line="7"><qualified_type column="1" file="paper_time_agnostic.cpp" idref="532" line="7"><qualified_id column="1" file="paper_time_agnostic.cpp" idref="534" line="7" name="paperTimeAgnostic"/></qualified_type></declaration_specifiers><init_declarator column="3" file="paper_time_agnostic.cpp" idref="536" line="7"><declarator column="3" file="paper_time_agnostic.cpp" idref="538" line="7"><qualified_id column="3" file="paper_time_agnostic.cpp" idref="540" line="7" name="ta"/></declarator><arguments_list column="23" file="paper_time_agnostic.cpp" idref="542" line="7"><primary_expression column="23" file="paper_time_agnostic.cpp" idref="546" line="7"><constant column="23" file="paper_time_agnostic.cpp" idref="548" line="7" value="&quot;time agnostic&quot;"/></primary_expression></arguments_list></init_declarator></init_declarator_list></declaration></block_statement><block_statement column="40" file="paper_time_agnostic.cpp" idref="550" line="9"><declaration column="40" file="paper_time_agnostic.cpp" idref="552" line="9"><init_declarator_list column="40" file="paper_time_agnostic.cpp" idref="554" line="9"><declaration_specifiers column="40" file="paper_time_agnostic.cpp" idref="556" line="9"><builtin_type_specifier column="40" file="paper_time_agnostic.cpp" idref="558" length="0" line="9" name="sc_signal" sc_dt="true"><declaration_specifiers column="12" file="paper_time_agnostic.cpp" idref="560" line="9"><builtin_type_specifier column="12" file="paper_time_agnostic.cpp" idref="562" length="0" line="9" name="int" sc_dt="false"/></declaration_specifiers></builtin_type_specifier></declaration_specifiers><init_declarator column="16" file="paper_time_agnostic.cpp" idref="564" line="9"><declarator column="16" file="paper_time_agnostic.cpp" idref="566" line="9"><qualified_id column="16" file="paper_time_agnostic.cpp" idref="568" line="9" name="b"/></declarator></init_declarator></init_declarator_list></declaration></block_statement><block_statement column="19" file="paper_time_agnostic.cpp" idref="570" line="10"><postfix_expression column="19" file="paper_time_agnostic.cpp" idref="572" line="10"><primary_expression column="19" file="paper_time_agnostic.cpp" idref="574" line="10"><id_expression column="3" file="paper_time_agnostic.cpp" idref="576" line="10" name="ta"/></primary_expression><dereferencing_operator column="3" file="paper_time_agnostic.cpp" idref="578" line="10" name="&amp;"/><id_expression column="6" file="paper_time_agnostic.cpp" idref="580" line="10" name="bus"/><arguments column="6" file="paper_time_agnostic.cpp" idref="582" line="10"><arguments_list column="9" file="paper_time_agnostic.cpp" idref="584" line="10"><primary_expression column="9" file="paper_time_agnostic.cpp" idref="588" line="10"><id_expression column="10" file="paper_time_agnostic.cpp" idref="590" line="10" name="b"/></primary_expression></arguments_list></arguments></postfix_expression></block_statement><block_statement column="12" file="paper_time_agnostic.cpp" idref="592" line="12"><systemCRoutine column="12" file="paper_time_agnostic.cpp" idref="594" line="12" name="sc_start"><arguments column="3" file="paper_time_agnostic.cpp" idref="596" line="12"><arguments_list column="11" file="paper_time_agnostic.cpp" idref="598" line="12"><primary_expression column="11" file="paper_time_agnostic.cpp" idref="602" line="12"><constant column="11" file="paper_time_agnostic.cpp" idref="604" line="12" value="1200"/></primary_expression><primary_expression column="16" file="paper_time_agnostic.cpp" idref="608" line="12"><constant column="16" file="paper_time_agnostic.cpp" idref="610" line="12" value="SC_NS"/></primary_expression></arguments_list></arguments></systemCRoutine></block_statement><block_statement column="23" file="paper_time_agnostic.cpp" idref="612" line="13"><return_statement column="23" file="paper_time_agnostic.cpp" idref="614" line="13"><primary_expression column="3" file="paper_time_agnostic.cpp" idref="618" line="13"><constant column="3" file="paper_time_agnostic.cpp" idref="620" line="13" value="0"/></primary_expression></return_statement></block_statement></block></sc_main_declaration></external_declaration></INTERNAL> 
