<?xml version="1.0" encoding="UTF-8"?>
<INTERNAL>
  <external_declaration idref="2">
    <declaration idref="4">
      <declaration_specifiers idref="8">
        <class_specifier extSCModule="true" idref="10" keyword="class" name="sc_clock">
          <base_clause column="7" file="sc_clock.cpp" idref="12" line="3">
            <base_specifier column="17" file="sc_clock.cpp" idref="14"
              length="0" line="3" name="sc_module" sc_dt="true">
              <base_class_access_specifier column="17"
                file="sc_clock.cpp" idref="16" line="3" name="private"/>
            </base_specifier>
            <base_specifier column="28" file="sc_clock.cpp" idref="18"
              length="0" line="3" name="sc_interface" sc_dt="true">
              <base_class_access_specifier column="28"
                file="sc_clock.cpp" idref="20" line="3" name="private"/>
            </base_specifier>
          </base_clause>
          <member_declaration column="1" file="sc_clock.cpp" idref="22" line="5">
            <access_specifier column="1" file="sc_clock.cpp" idref="24"
              line="5" name="public"/>
          </member_declaration>
          <member_declaration column="9" file="sc_clock.cpp" idref="26" line="6">
            <member_declarator_list column="9" file="sc_clock.cpp"
              idref="28" line="6">
              <declaration_specifiers column="9" file="sc_clock.cpp"
                idref="30" line="6">
                <builtin_type_specifier column="9" file="sc_clock.cpp"
                  idref="32" length="0" line="6" name="sc_event" sc_dt="true"/>
              </declaration_specifiers>
              <member_declarator column="5" file="sc_clock.cpp"
                idref="34" line="6">
                <declarator column="5" file="sc_clock.cpp" idref="36" line="6">
                  <qualified_id column="5" file="sc_clock.cpp"
                    idref="38" line="6" name="edge"/>
                </declarator>
              </member_declarator>
            </member_declarator_list>
          </member_declaration>
          <member_declaration column="18" file="sc_clock.cpp" idref="40" line="7">
            <member_declarator_list column="18" file="sc_clock.cpp"
              idref="42" line="7">
              <declaration_specifiers column="18" file="sc_clock.cpp"
                idref="44" line="7">
                <builtin_type_specifier column="18" file="sc_clock.cpp"
                  idref="46" length="0" line="7" name="sc_event" sc_dt="true"/>
              </declaration_specifiers>
              <member_declarator column="5" file="sc_clock.cpp"
                idref="48" line="7">
                <declarator column="5" file="sc_clock.cpp" idref="50" line="7">
                  <qualified_id column="5" file="sc_clock.cpp"
                    idref="52" line="7" name="change"/>
                </declarator>
              </member_declarator>
            </member_declarator_list>
          </member_declaration>
          <member_declaration column="20" file="sc_clock.cpp" idref="54" line="9">
            <member_declarator_list column="20" file="sc_clock.cpp"
              idref="56" line="9">
              <declaration_specifiers column="20" file="sc_clock.cpp"
                idref="58" line="9">
                <builtin_type_specifier column="20" file="sc_clock.cpp"
                  idref="60" length="0" line="9" name="bool" sc_dt="false"/>
              </declaration_specifiers>
              <member_declarator column="5" file="sc_clock.cpp"
                idref="62" line="9">
                <declarator column="5" file="sc_clock.cpp" idref="64" line="9">
                  <qualified_id column="5" file="sc_clock.cpp"
                    idref="66" line="9" name="val"/>
                </declarator>
              </member_declarator>
            </member_declarator_list>
          </member_declaration>
          <member_declaration column="13" file="sc_clock.cpp" idref="68" line="10">
            <member_declarator_list column="13" file="sc_clock.cpp"
              idref="70" line="10">
              <declaration_specifiers column="13" file="sc_clock.cpp"
                idref="72" line="10">
                <builtin_type_specifier column="13" file="sc_clock.cpp"
                  idref="74" length="0" line="10" name="bool" sc_dt="false"/>
              </declaration_specifiers>
              <member_declarator column="5" file="sc_clock.cpp"
                idref="76" line="10">
                <declarator column="5" file="sc_clock.cpp" idref="78" line="10">
                  <qualified_id column="5" file="sc_clock.cpp"
                    idref="80" line="10" name="_val"/>
                </declarator>
              </member_declarator>
            </member_declarator_list>
          </member_declaration>
          <member_declaration column="14" file="sc_clock.cpp" idref="82" line="12">
            <member_declarator_list column="14" file="sc_clock.cpp"
              idref="84" line="12">
              <declaration_specifiers column="14" file="sc_clock.cpp"
                idref="86" line="12">
                <builtin_type_specifier column="14" file="sc_clock.cpp"
                  idref="88" length="0" line="12" name="int" sc_dt="false"/>
              </declaration_specifiers>
              <member_declarator column="5" file="sc_clock.cpp"
                idref="90" line="12">
                <declarator column="5" file="sc_clock.cpp" idref="92" line="12">
                  <qualified_id column="5" file="sc_clock.cpp"
                    idref="94" line="12" name="delta"/>
                </declarator>
              </member_declarator>
            </member_declarator_list>
          </member_declaration>
          <member_declaration column="14" file="sc_clock.cpp" idref="96" line="14">
            <access_specifier column="14" file="sc_clock.cpp" idref="98"
              line="14" name="private"/>
          </member_declaration>
          <member_declaration column="9" file="sc_clock.cpp" idref="100" line="15">
            <member_declarator_list column="9" file="sc_clock.cpp"
              idref="102" line="15">
              <declaration_specifiers column="9" file="sc_clock.cpp"
                idref="104" line="15">
                <type_modifiers column="9" file="sc_clock.cpp"
                  idref="106" line="15">
                  <type_qualifier column="9" file="sc_clock.cpp"
                    idref="108" line="15" name="const"/>
                </type_modifiers>
                <builtin_type_specifier column="3" file="sc_clock.cpp"
                  idref="110" length="0" line="15" name="int" sc_dt="false"/>
              </declaration_specifiers>
              <member_declarator column="9" file="sc_clock.cpp"
                idref="112" line="15">
                <declarator column="9" file="sc_clock.cpp" idref="114" line="15">
                  <qualified_id column="9" file="sc_clock.cpp"
                    idref="116" line="15" name="period"/>
                </declarator>
              </member_declarator>
            </member_declarator_list>
          </member_declaration>
          <member_declaration column="19" file="sc_clock.cpp"
            idref="118" line="17"/>
          <member_declaration column="28" file="sc_clock.cpp"
            idref="120" line="19">
            <function_definition column="28" file="sc_clock.cpp"
              idref="122" line="19">
              <declaration_specifiers column="28" file="sc_clock.cpp"
                idref="124" line="19">
                <builtin_type_specifier column="28" file="sc_clock.cpp"
                  idref="126" length="0" line="19" name="void" sc_dt="false"/>
              </declaration_specifiers>
              <function_declarator column="3" file="sc_clock.cpp"
                idref="128" line="19">
                <qualified_id column="3" file="sc_clock.cpp" idref="130"
                  line="19" name="run"/>
                <parameter_list column="11" file="sc_clock.cpp"
                  idref="132" line="19">
                  <parameter_declaration column="11" file="sc_clock.cpp"
                    idref="134" line="19">
                    <declaration_specifiers column="11"
                      file="sc_clock.cpp" idref="136" line="19">
                      <builtin_type_specifier column="11"
                        file="sc_clock.cpp" idref="138" length="0"
                        line="19" name="void" sc_dt="false"/>
                    </declaration_specifiers>
                    <abstract_declarator column="12" file="sc_clock.cpp"
                      idref="140" line="19"/>
                  </parameter_declaration>
                </parameter_list>
              </function_declarator>
              <block column="16" file="sc_clock.cpp" idref="142" line="19">
                <block_statement column="18" file="sc_clock.cpp"
                  idref="144" line="20">
                  <sc_notify column="18" file="sc_clock.cpp" idref="146"
                    line="20" name="edge">
                    <arguments_list column="15" file="sc_clock.cpp"
                      idref="148" line="20">
                      <primary_expression column="15"
                        file="sc_clock.cpp" idref="152" line="20">
                        <constant column="15" file="sc_clock.cpp"
                          idref="154" line="20" value="SC_ZERO_TIME"/>
                      </primary_expression>
                    </arguments_list>
                  </sc_notify>
                </block_statement>
                <block_statement column="29" file="sc_clock.cpp"
                  idref="156" line="21">
                  <sc_notify column="29" file="sc_clock.cpp" idref="158"
                    line="21" name="change">
                    <arguments_list column="17" file="sc_clock.cpp"
                      idref="160" line="21">
                      <primary_expression column="17"
                        file="sc_clock.cpp" idref="164" line="21">
                        <constant column="17" file="sc_clock.cpp"
                          idref="166" line="21" value="SC_ZERO_TIME"/>
                      </primary_expression>
                    </arguments_list>
                  </sc_notify>
                </block_statement>
                <block_statement column="31" file="sc_clock.cpp"
                  idref="168" line="22">
                  <while_statement column="31" file="sc_clock.cpp"
                    idref="170" line="22">
                    <primary_expression column="9" file="sc_clock.cpp"
                      idref="174" line="22">
                      <constant column="9" file="sc_clock.cpp"
                        idref="176" line="22" value="true"/>
                    </primary_expression>
                    <block column="14" file="sc_clock.cpp" idref="178" line="22">
                      <block_statement column="16" file="sc_clock.cpp"
                        idref="180" line="23">
                        <systemCRoutine column="16" file="sc_clock.cpp"
                          idref="184" line="23" name="wait">
                          <arguments column="5" file="sc_clock.cpp"
                            idref="186" line="23">
                            <arguments_list column="9"
                              file="sc_clock.cpp" idref="188" line="23">
                              <div_node column="16" file="sc_clock.cpp"
                                idref="196" line="23">
                                <primary_expression column="9"
                                  file="sc_clock.cpp" idref="192" line="23">
                                  <id_expression column="10"
                                    file="sc_clock.cpp" idref="194"
                                    line="23" name="period"/>
                                </primary_expression>
                                <primary_expression column="16"
                                  file="sc_clock.cpp" idref="200" line="23">
                                  <constant column="16"
                                    file="sc_clock.cpp" idref="202"
                                    line="23" value="2"/>
                                </primary_expression>
                              </div_node>
                              <primary_expression column="18"
                                file="sc_clock.cpp" idref="206" line="23">
                                <constant column="18"
                                  file="sc_clock.cpp" idref="208"
                                  line="23" value="SC_NS"/>
                              </primary_expression>
                            </arguments_list>
                          </arguments>
                        </systemCRoutine>
                      </block_statement>
                      <block_statement column="26" file="sc_clock.cpp"
                        idref="210" line="24">
                        <sc_notify column="26" file="sc_clock.cpp"
                          idref="212" line="24" name="edge">
                          <arguments_list column="16"
                            file="sc_clock.cpp" idref="214" line="24">
                            <primary_expression column="16"
                              file="sc_clock.cpp" idref="218" line="24">
                              <constant column="16" file="sc_clock.cpp"
                                idref="220" line="24" value="SC_ZERO_TIME"/>
                            </primary_expression>
                          </arguments_list>
                        </sc_notify>
                      </block_statement>
                      <block_statement column="30" file="sc_clock.cpp"
                        idref="222" line="25">
                        <sc_notify column="30" file="sc_clock.cpp"
                          idref="224" line="25" name="change">
                          <arguments_list column="18"
                            file="sc_clock.cpp" idref="226" line="25">
                            <primary_expression column="18"
                              file="sc_clock.cpp" idref="230" line="25">
                              <constant column="18" file="sc_clock.cpp"
                                idref="232" line="25" value="SC_ZERO_TIME"/>
                            </primary_expression>
                          </arguments_list>
                        </sc_notify>
                      </block_statement>
                      <block_statement column="32" file="sc_clock.cpp"
                        idref="234" line="26">
                        <assignment column="9" file="sc_clock.cpp"
                          idref="244" line="26">
                          <primary_expression column="32"
                            file="sc_clock.cpp" idref="238" line="26">
                            <id_expression column="5"
                              file="sc_clock.cpp" idref="240" line="26" name="val"/>
                          </primary_expression>
                          <assignment_operator column="5"
                            file="sc_clock.cpp" idref="242" line="26"/>
                          <unary_expression column="9"
                            file="sc_clock.cpp" idref="246" line="26">
                            <unary_operator column="9"
                              file="sc_clock.cpp" idref="248" line="26" operator="not"/>
                            <primary_expression column="11"
                              file="sc_clock.cpp" idref="252" line="26">
                              <id_expression column="12"
                                file="sc_clock.cpp" idref="254"
                                line="26" name="val"/>
                            </primary_expression>
                          </unary_expression>
                        </assignment>
                      </block_statement>
                    </block>
                  </while_statement>
                </block_statement>
              </block>
            </function_definition>
          </member_declaration>
          <member_declaration column="3" file="sc_clock.cpp" idref="256" line="30">
            <access_specifier column="3" file="sc_clock.cpp" idref="258"
              line="30" name="public"/>
          </member_declaration>
          <member_declaration column="8" file="sc_clock.cpp" idref="260" line="31">
            <ctor_definition column="8" file="sc_clock.cpp" idref="262" line="31">
              <qualified_id column="8" file="sc_clock.cpp" idref="264"
                line="31" name="sc_clockx"/>
              <parameter_list column="12" file="sc_clock.cpp"
                idref="266" line="31">
                <parameter_declaration column="12" file="sc_clock.cpp"
                  idref="268" line="31">
                  <declaration_specifiers column="12"
                    file="sc_clock.cpp" idref="270" line="31">
                    <builtin_type_specifier column="12"
                      file="sc_clock.cpp" idref="272" length="0"
                      line="31" name="sc_module_name" sc_dt="true"/>
                  </declaration_specifiers>
                  <declarator column="13" file="sc_clock.cpp"
                    idref="274" line="31">
                    <qualified_id column="13" file="sc_clock.cpp"
                      idref="276" line="31" name="name"/>
                  </declarator>
                </parameter_declaration>
                <parameter_declaration column="32" file="sc_clock.cpp"
                  idref="278" line="31">
                  <declaration_specifiers column="32"
                    file="sc_clock.cpp" idref="280" line="31">
                    <builtin_type_specifier column="32"
                      file="sc_clock.cpp" idref="282" length="0"
                      line="31" name="int" sc_dt="false"/>
                  </declaration_specifiers>
                  <declarator column="34" file="sc_clock.cpp"
                    idref="284" line="31">
                    <qualified_id column="34" file="sc_clock.cpp"
                      idref="286" line="31" name="periodparam"/>
                  </declarator>
                </parameter_declaration>
              </parameter_list>
              <ctor_initializer column="49" file="sc_clock.cpp"
                idref="288" line="31">
                <superclass_init column="50" file="sc_clock.cpp"
                  idref="290" line="31">
                  <declaration_specifiers column="50"
                    file="sc_clock.cpp" idref="292" line="31">
                    <builtin_type_specifier column="50"
                      file="sc_clock.cpp" idref="294" length="0"
                      line="31" name="sc_module" sc_dt="true"/>
                  </declaration_specifiers>
                  <arguments_list column="61" file="sc_clock.cpp"
                    idref="296" line="31">
                    <primary_expression column="61" file="sc_clock.cpp"
                      idref="300" line="31">
                      <id_expression column="62" file="sc_clock.cpp"
                        idref="302" line="31" name="name"/>
                    </primary_expression>
                  </arguments_list>
                </superclass_init>
              </ctor_initializer>
              <block column="66" file="sc_clock.cpp" idref="304" line="32">
                <sc_thread_block column="2" file="sc_clock.cpp"
                  idref="306" line="33">
                  <sc_thread column="2" file="sc_clock.cpp" idref="308"
                    line="33" name="run"/>
                </sc_thread_block>
                <block_statement column="17" file="sc_clock.cpp"
                  idref="310" line="34">
                  <assignment column="10" file="sc_clock.cpp"
                    idref="320" line="34">
                    <primary_expression column="17" file="sc_clock.cpp"
                      idref="314" line="34">
                      <id_expression column="3" file="sc_clock.cpp"
                        idref="316" line="34" name="period"/>
                    </primary_expression>
                    <assignment_operator column="3" file="sc_clock.cpp"
                      idref="318" line="34"/>
                    <primary_expression column="10" file="sc_clock.cpp"
                      idref="324" line="34">
                      <id_expression column="12" file="sc_clock.cpp"
                        idref="326" line="34" name="periodparam"/>
                    </primary_expression>
                  </assignment>
                </block_statement>
                <block_statement column="23" file="sc_clock.cpp"
                  idref="328" line="35">
                  <assignment column="7" file="sc_clock.cpp" idref="338" line="35">
                    <primary_expression column="23" file="sc_clock.cpp"
                      idref="332" line="35">
                      <id_expression column="3" file="sc_clock.cpp"
                        idref="334" line="35" name="val"/>
                    </primary_expression>
                    <assignment_operator column="3" file="sc_clock.cpp"
                      idref="336" line="35"/>
                    <primary_expression column="7" file="sc_clock.cpp"
                      idref="342" line="35">
                      <constant column="7" file="sc_clock.cpp"
                        idref="344" line="35" value="true"/>
                    </primary_expression>
                  </assignment>
                </block_statement>
                <block_statement column="13" file="sc_clock.cpp"
                  idref="346" line="36">
                  <assignment column="8" file="sc_clock.cpp" idref="356" line="36">
                    <primary_expression column="13" file="sc_clock.cpp"
                      idref="350" line="36">
                      <id_expression column="3" file="sc_clock.cpp"
                        idref="352" line="36" name="_val"/>
                    </primary_expression>
                    <assignment_operator column="3" file="sc_clock.cpp"
                      idref="354" line="36"/>
                    <primary_expression column="8" file="sc_clock.cpp"
                      idref="360" line="36">
                      <constant column="8" file="sc_clock.cpp"
                        idref="362" line="36" value="true"/>
                    </primary_expression>
                  </assignment>
                </block_statement>
              </block>
            </ctor_definition>
          </member_declaration>
          <member_declaration column="2" file="sc_clock.cpp" idref="364" line="39">
            <function_definition column="2" file="sc_clock.cpp"
              idref="366" line="39">
              <declaration_specifiers column="2" file="sc_clock.cpp"
                idref="368" line="39">
                <builtin_type_specifier column="2" file="sc_clock.cpp"
                  idref="370" length="0" line="39" name="bool" sc_dt="false"/>
              </declaration_specifiers>
              <function_declarator column="3" file="sc_clock.cpp"
                idref="372" line="39">
                <qualified_id column="3" file="sc_clock.cpp" idref="374"
                  line="39" name="read"/>
              </function_declarator>
              <block column="13" file="sc_clock.cpp" idref="376" line="39">
                <block_statement column="15" file="sc_clock.cpp"
                  idref="378" line="40">
                  <return_statement column="15" file="sc_clock.cpp"
                    idref="380" line="40">
                    <primary_expression column="7" file="sc_clock.cpp"
                      idref="384" line="40">
                      <id_expression column="14" file="sc_clock.cpp"
                        idref="386" line="40" name="val"/>
                    </primary_expression>
                  </return_statement>
                </block_statement>
              </block>
            </function_definition>
          </member_declaration>
          <member_declaration column="5" file="sc_clock.cpp" idref="388" line="43">
            <function_definition column="5" file="sc_clock.cpp"
              idref="390" line="43">
              <declaration_specifiers column="5" file="sc_clock.cpp"
                idref="392" line="43">
                <builtin_type_specifier column="5" file="sc_clock.cpp"
                  idref="394" length="0" line="43" name="void" sc_dt="false"/>
              </declaration_specifiers>
              <function_declarator column="3" file="sc_clock.cpp"
                idref="396" line="43">
                <qualified_id column="3" file="sc_clock.cpp" idref="398"
                  line="43" name="write"/>
                <parameter_list column="13" file="sc_clock.cpp"
                  idref="400" line="43">
                  <parameter_declaration column="13" file="sc_clock.cpp"
                    idref="402" line="43">
                    <declaration_specifiers column="13"
                      file="sc_clock.cpp" idref="404" line="43">
                      <builtin_type_specifier column="13"
                        file="sc_clock.cpp" idref="406" length="0"
                        line="43" name="bool" sc_dt="false"/>
                    </declaration_specifiers>
                    <declarator column="14" file="sc_clock.cpp"
                      idref="408" line="43">
                      <qualified_id column="14" file="sc_clock.cpp"
                        idref="410" line="43" name="newval"/>
                    </declarator>
                  </parameter_declaration>
                </parameter_list>
              </function_declarator>
              <block column="25" file="sc_clock.cpp" idref="412" line="43">
                <block_statement column="27" file="sc_clock.cpp"
                  idref="414" line="44">
                  <assignment column="12" file="sc_clock.cpp"
                    idref="424" line="44">
                    <primary_expression column="27" file="sc_clock.cpp"
                      idref="418" line="44">
                      <id_expression column="7" file="sc_clock.cpp"
                        idref="420" line="44" name="_val"/>
                    </primary_expression>
                    <assignment_operator column="7" file="sc_clock.cpp"
                      idref="422" line="44"/>
                    <primary_expression column="12" file="sc_clock.cpp"
                      idref="428" line="44">
                      <id_expression column="14" file="sc_clock.cpp"
                        idref="430" line="44" name="newval"/>
                    </primary_expression>
                  </assignment>
                </block_statement>
                <block_statement column="20" file="sc_clock.cpp"
                  idref="432" line="45">
                  <postfix_expression column="20" file="sc_clock.cpp"
                    idref="434" line="45">
                    <primary_expression column="20" file="sc_clock.cpp"
                      idref="436" line="45">
                      <id_expression column="7" file="sc_clock.cpp"
                        idref="438" line="45" name="request_update"/>
                    </primary_expression>
                    <arguments column="7" file="sc_clock.cpp"
                      idref="440" line="45"/>
                  </postfix_expression>
                </block_statement>
              </block>
            </function_definition>
          </member_declaration>
          <member_declaration column="5" file="sc_clock.cpp" idref="442" line="48">
            <function_definition column="5" file="sc_clock.cpp"
              idref="444" line="48">
              <declaration_specifiers column="5" file="sc_clock.cpp"
                idref="446" line="48">
                <builtin_type_specifier column="5" file="sc_clock.cpp"
                  idref="448" length="0" line="48" name="void" sc_dt="false"/>
              </declaration_specifiers>
              <function_declarator column="5" file="sc_clock.cpp"
                idref="450" line="48">
                <qualified_id column="5" file="sc_clock.cpp" idref="452"
                  line="48" name="update"/>
              </function_declarator>
              <block column="17" file="sc_clock.cpp" idref="454" line="48">
                <block_statement column="19" file="sc_clock.cpp"
                  idref="456" line="49">
                  <if_statement column="19" file="sc_clock.cpp"
                    idref="458" line="49">
                    <unary_expression column="10" file="sc_clock.cpp"
                      idref="460" line="49">
                      <unary_operator column="10" file="sc_clock.cpp"
                        idref="462" line="49" operator="not"/>
                      <primary_expression column="11"
                        file="sc_clock.cpp" idref="466" line="49">
                        <eq_node column="18" file="sc_clock.cpp"
                          idref="474" line="49">
                          <primary_expression column="12"
                            file="sc_clock.cpp" idref="470" line="49">
                            <id_expression column="13"
                              file="sc_clock.cpp" idref="472" line="49" name="_val"/>
                          </primary_expression>
                          <primary_expression column="18"
                            file="sc_clock.cpp" idref="478" line="49">
                            <id_expression column="21"
                              file="sc_clock.cpp" idref="480" line="49" name="val"/>
                          </primary_expression>
                        </eq_node>
                      </primary_expression>
                    </unary_expression>
                    <block column="25" file="sc_clock.cpp" idref="482" line="50">
                      <block_statement column="7" file="sc_clock.cpp"
                        idref="484" line="51">
                        <sc_notify column="7" file="sc_clock.cpp"
                          idref="486" line="51" name="change">
                          <arguments_list column="17"
                            file="sc_clock.cpp" idref="488" line="51">
                            <primary_expression column="17"
                              file="sc_clock.cpp" idref="492" line="51">
                              <constant column="17" file="sc_clock.cpp"
                                idref="494" line="51" value="SC_ZERO_TIME"/>
                            </primary_expression>
                          </arguments_list>
                        </sc_notify>
                      </block_statement>
                      <block_statement column="31" file="sc_clock.cpp"
                        idref="496" line="52">
                        <assignment column="10" file="sc_clock.cpp"
                          idref="506" line="52">
                          <primary_expression column="31"
                            file="sc_clock.cpp" idref="500" line="52">
                            <id_expression column="4"
                              file="sc_clock.cpp" idref="502" line="52" name="delta"/>
                          </primary_expression>
                          <assignment_operator column="4"
                            file="sc_clock.cpp" idref="504" line="52"/>
                          <postfix_expression column="10"
                            file="sc_clock.cpp" idref="508" line="52">
                            <primary_expression column="10"
                              file="sc_clock.cpp" idref="510" line="52">
                              <id_expression column="12"
                                file="sc_clock.cpp" idref="512"
                                line="52" name="sc_delta_count"/>
                            </primary_expression>
                            <arguments column="12" file="sc_clock.cpp"
                              idref="514" line="52"/>
                          </postfix_expression>
                        </assignment>
                      </block_statement>
                    </block>
                  </if_statement>
                </block_statement>
                <block_statement column="7" file="sc_clock.cpp"
                  idref="516" line="54">
                  <assignment column="11" file="sc_clock.cpp"
                    idref="526" line="54">
                    <primary_expression column="7" file="sc_clock.cpp"
                      idref="520" line="54">
                      <id_expression column="7" file="sc_clock.cpp"
                        idref="522" line="54" name="val"/>
                    </primary_expression>
                    <assignment_operator column="7" file="sc_clock.cpp"
                      idref="524" line="54"/>
                    <primary_expression column="11" file="sc_clock.cpp"
                      idref="530" line="54">
                      <id_expression column="13" file="sc_clock.cpp"
                        idref="532" line="54" name="_val"/>
                    </primary_expression>
                  </assignment>
                </block_statement>
              </block>
            </function_definition>
          </member_declaration>
        </class_specifier>
      </declaration_specifiers>
    </declaration>
  </external_declaration>
</INTERNAL>
