<?xml version="1.0" encoding="UTF-8"?>
<INTERNAL>
  <external_declaration idref="2">
    <declaration idref="4">
      <declaration_specifiers idref="8">
        <class_specifier extSCModule="true" idref="10" keyword="class" name="paperProdcons">
          <base_clause column="24" file="paper_prodcons.h" idref="12" line="8">
            <base_specifier column="24" file="paper_prodcons.h"
              idref="14" length="0" line="8" name="sc_module" sc_dt="true">
              <base_class_access_specifier column="24"
                file="paper_prodcons.h" idref="16" line="8" name="public"/>
            </base_specifier>
          </base_clause>
          <member_declaration column="24" file="paper_prodcons.h"
            idref="18" line="8">
            <access_specifier column="24" file="paper_prodcons.h"
              idref="20" line="8" name="public"/>
          </member_declaration>
          <member_declaration column="1" file="paper_prodcons.h"
            idref="22" line="9">
            <member_declarator_list column="1" file="paper_prodcons.h"
              idref="24" line="9">
              <sc_port_specifier column="1" file="paper_prodcons.h"
                idref="26" line="9" name="sc_inout" numOfChanels="1">
                <declaration_specifiers column="11"
                  file="paper_prodcons.h" idref="28" line="9">
                  <builtin_type_specifier column="11"
                    file="paper_prodcons.h" idref="30" length="0"
                    line="9" name="int" sc_dt="false"/>
                </declaration_specifiers>
              </sc_port_specifier>
              <member_declarator column="15" file="paper_prodcons.h"
                idref="32" line="9">
                <declarator column="15" file="paper_prodcons.h"
                  idref="34" line="9">
                  <qualified_id column="15" file="paper_prodcons.h"
                    idref="36" line="9" name="bus"/>
                </declarator>
              </member_declarator>
            </member_declarator_list>
          </member_declaration>
          <member_declaration column="20" file="paper_prodcons.h"
            idref="38" line="10">
            <member_declarator_list column="20" file="paper_prodcons.h"
              idref="40" line="10">
              <declaration_specifiers column="20"
                file="paper_prodcons.h" idref="42" line="10">
                <builtin_type_specifier column="20"
                  file="paper_prodcons.h" idref="44" length="0"
                  line="10" name="sc_event" sc_dt="true"/>
              </declaration_specifiers>
              <member_declarator column="3" file="paper_prodcons.h"
                idref="46" line="10">
                <declarator column="3" file="paper_prodcons.h"
                  idref="48" line="10">
                  <qualified_id column="3" file="paper_prodcons.h"
                    idref="50" line="10" name="event"/>
                </declarator>
              </member_declarator>
            </member_declarator_list>
          </member_declaration>
          <member_declaration column="17" file="paper_prodcons.h"
            idref="52" line="13">
            <member_declarator_list column="17" file="paper_prodcons.h"
              idref="54" line="13">
              <declaration_specifiers column="17"
                file="paper_prodcons.h" idref="56" line="13">
                <builtin_type_specifier column="17"
                  file="paper_prodcons.h" idref="58" length="0"
                  line="13" name="int" sc_dt="false"/>
              </declaration_specifiers>
              <member_declarator column="3" file="paper_prodcons.h"
                idref="60" line="13">
                <declarator column="3" file="paper_prodcons.h"
                  idref="62" line="13">
                  <qualified_id column="3" file="paper_prodcons.h"
                    idref="64" line="13" name="SECRET_IN"/>
                </declarator>
              </member_declarator>
            </member_declarator_list>
          </member_declaration>
          <member_declaration column="16" file="paper_prodcons.h"
            idref="66" line="14">
            <member_declarator_list column="16" file="paper_prodcons.h"
              idref="68" line="14">
              <declaration_specifiers column="16"
                file="paper_prodcons.h" idref="70" line="14">
                <builtin_type_specifier column="16"
                  file="paper_prodcons.h" idref="72" length="0"
                  line="14" name="int" sc_dt="false"/>
              </declaration_specifiers>
              <member_declarator column="3" file="paper_prodcons.h"
                idref="74" line="14">
                <declarator column="3" file="paper_prodcons.h"
                  idref="76" line="14">
                  <qualified_id column="3" file="paper_prodcons.h"
                    idref="78" line="14" name="SECRET_OUT"/>
                </declarator>
              </member_declarator>
            </member_declarator_list>
          </member_declaration>
          <member_declaration column="17" file="paper_prodcons.h"
            idref="80" line="15">
            <member_declarator_list column="17" file="paper_prodcons.h"
              idref="82" line="15">
              <declaration_specifiers column="17"
                file="paper_prodcons.h" idref="84" line="15">
                <builtin_type_specifier column="17"
                  file="paper_prodcons.h" idref="86" length="0"
                  line="15" name="int" sc_dt="false"/>
              </declaration_specifiers>
              <member_declarator column="3" file="paper_prodcons.h"
                idref="88" line="15">
                <declarator column="3" file="paper_prodcons.h"
                  idref="90" line="15">
                  <qualified_id column="3" file="paper_prodcons.h"
                    idref="92" line="15" name="PUBLIC_IN"/>
                </declarator>
              </member_declarator>
            </member_declarator_list>
          </member_declaration>
          <member_declaration column="16" file="paper_prodcons.h"
            idref="94" line="16">
            <member_declarator_list column="16" file="paper_prodcons.h"
              idref="96" line="16">
              <declaration_specifiers column="16"
                file="paper_prodcons.h" idref="98" line="16">
                <builtin_type_specifier column="16"
                  file="paper_prodcons.h" idref="100" length="0"
                  line="16" name="int" sc_dt="false"/>
              </declaration_specifiers>
              <member_declarator column="3" file="paper_prodcons.h"
                idref="102" line="16">
                <declarator column="3" file="paper_prodcons.h"
                  idref="104" line="16">
                  <qualified_id column="3" file="paper_prodcons.h"
                    idref="106" line="16" name="PUBLIC_OUT"/>
                </declarator>
              </member_declarator>
            </member_declarator_list>
          </member_declaration>
          <member_declaration column="17" file="paper_prodcons.h"
            idref="108" line="18">
            <function_definition column="17" file="paper_prodcons.h"
              idref="110" line="18">
              <declaration_specifiers column="17"
                file="paper_prodcons.h" idref="112" line="18">
                <builtin_type_specifier column="17"
                  file="paper_prodcons.h" idref="114" length="0"
                  line="18" name="void" sc_dt="false"/>
              </declaration_specifiers>
              <function_declarator column="3" file="paper_prodcons.h"
                idref="116" line="18">
                <qualified_id column="3" file="paper_prodcons.h"
                  idref="118" line="18" name="produce"/>
              </function_declarator>
              <block column="16" file="paper_prodcons.h" idref="120" line="18">
                <block_statement column="18" file="paper_prodcons.h"
                  idref="122" line="19">
                  <while_statement column="18" file="paper_prodcons.h"
                    idref="124" line="19">
                    <primary_expression column="11"
                      file="paper_prodcons.h" idref="128" line="19">
                      <constant column="11" file="paper_prodcons.h"
                        idref="130" line="19" value="true"/>
                    </primary_expression>
                    <block column="16" file="paper_prodcons.h"
                      idref="132" line="19">
                      <block_statement column="18"
                        file="paper_prodcons.h" idref="134" line="20">
                        <declaration column="18" file="paper_prodcons.h"
                          idref="136" line="20">
                          <init_declarator_list column="18"
                            file="paper_prodcons.h" idref="138" line="20">
                            <declaration_specifiers column="18"
                              file="paper_prodcons.h" idref="140" line="20">
                              <builtin_type_specifier column="18"
                                file="paper_prodcons.h" idref="142"
                                length="0" line="20" name="int" sc_dt="false"/>
                            </declaration_specifiers>
                            <init_declarator column="7"
                              file="paper_prodcons.h" idref="144" line="20">
                              <declarator column="7"
                                file="paper_prodcons.h" idref="146" line="20">
                                <qualified_id column="7"
                                  file="paper_prodcons.h" idref="148"
                                  line="20" name="data"/>
                              </declarator>
                              <initializer column="16"
                                file="paper_prodcons.h" idref="150" line="20">
                                <primary_expression column="16"
                                  file="paper_prodcons.h" idref="154" line="20">
                                  <id_expression column="18"
                                    file="paper_prodcons.h" idref="156"
                                    line="20" name="SECRET_IN"/>
                                </primary_expression>
                              </initializer>
                            </init_declarator>
                          </init_declarator_list>
                        </declaration>
                      </block_statement>
                      <block_statement column="27"
                        file="paper_prodcons.h" idref="158" line="21">
                        <postfix_expression column="27"
                          file="paper_prodcons.h" idref="160" line="21">
                          <primary_expression column="27"
                            file="paper_prodcons.h" idref="162" line="21">
                            <id_expression column="7"
                              file="paper_prodcons.h" idref="164"
                              line="21" name="bus"/>
                          </primary_expression>
                          <dereferencing_operator column="7"
                            file="paper_prodcons.h" idref="166"
                            line="21" name="&amp;"/>
                          <id_expression column="11"
                            file="paper_prodcons.h" idref="168"
                            line="21" name="write"/>
                          <arguments column="11" file="paper_prodcons.h"
                            idref="170" line="21">
                            <arguments_list column="16"
                              file="paper_prodcons.h" idref="172" line="21">
                              <primary_expression column="16"
                                file="paper_prodcons.h" idref="176" line="21">
                                <id_expression column="17"
                                  file="paper_prodcons.h" idref="178"
                                  line="21" name="data"/>
                              </primary_expression>
                            </arguments_list>
                          </arguments>
                        </postfix_expression>
                      </block_statement>
                      <block_statement column="22"
                        file="paper_prodcons.h" idref="180" line="22">
                        <systemCRoutine column="22"
                          file="paper_prodcons.h" idref="184" line="22" name="wait">
                          <arguments column="7" file="paper_prodcons.h"
                            idref="186" line="22">
                            <arguments_list column="11"
                              file="paper_prodcons.h" idref="188" line="22">
                              <primary_expression column="11"
                                file="paper_prodcons.h" idref="192" line="22">
                                <constant column="11"
                                  file="paper_prodcons.h" idref="194"
                                  line="22" value="2"/>
                              </primary_expression>
                              <primary_expression column="13"
                                file="paper_prodcons.h" idref="198" line="22">
                                <constant column="13"
                                  file="paper_prodcons.h" idref="200"
                                  line="22" value="SC_NS"/>
                              </primary_expression>
                            </arguments_list>
                          </arguments>
                        </systemCRoutine>
                      </block_statement>
                      <block_statement column="21"
                        file="paper_prodcons.h" idref="202" line="23">
                        <assignment column="12" file="paper_prodcons.h"
                          idref="212" line="23">
                          <primary_expression column="21"
                            file="paper_prodcons.h" idref="206" line="23">
                            <id_expression column="7"
                              file="paper_prodcons.h" idref="208"
                              line="23" name="data"/>
                          </primary_expression>
                          <assignment_operator column="7"
                            file="paper_prodcons.h" idref="210" line="23"/>
                          <primary_expression column="12"
                            file="paper_prodcons.h" idref="216" line="23">
                            <id_expression column="14"
                              file="paper_prodcons.h" idref="218"
                              line="23" name="PUBLIC_IN"/>
                          </primary_expression>
                        </assignment>
                      </block_statement>
                      <block_statement column="23"
                        file="paper_prodcons.h" idref="220" line="24">
                        <postfix_expression column="23"
                          file="paper_prodcons.h" idref="222" line="24">
                          <primary_expression column="23"
                            file="paper_prodcons.h" idref="224" line="24">
                            <id_expression column="7"
                              file="paper_prodcons.h" idref="226"
                              line="24" name="bus"/>
                          </primary_expression>
                          <dereferencing_operator column="7"
                            file="paper_prodcons.h" idref="228"
                            line="24" name="&amp;"/>
                          <id_expression column="11"
                            file="paper_prodcons.h" idref="230"
                            line="24" name="write"/>
                          <arguments column="11" file="paper_prodcons.h"
                            idref="232" line="24">
                            <arguments_list column="16"
                              file="paper_prodcons.h" idref="234" line="24">
                              <primary_expression column="16"
                                file="paper_prodcons.h" idref="238" line="24">
                                <id_expression column="17"
                                  file="paper_prodcons.h" idref="240"
                                  line="24" name="data"/>
                              </primary_expression>
                            </arguments_list>
                          </arguments>
                        </postfix_expression>
                      </block_statement>
                      <block_statement column="22"
                        file="paper_prodcons.h" idref="242" line="25">
                        <sc_notify column="22" file="paper_prodcons.h"
                          idref="244" line="25" name="event">
                          <arguments_list column="19"
                            file="paper_prodcons.h" idref="246" line="25">
                            <primary_expression column="19"
                              file="paper_prodcons.h" idref="250" line="25">
                              <constant column="19"
                                file="paper_prodcons.h" idref="252"
                                line="25" value="1"/>
                            </primary_expression>
                            <primary_expression column="21"
                              file="paper_prodcons.h" idref="256" line="25">
                              <constant column="21"
                                file="paper_prodcons.h" idref="258"
                                line="25" value="SC_NS"/>
                            </primary_expression>
                          </arguments_list>
                        </sc_notify>
                      </block_statement>
                      <block_statement column="29"
                        file="paper_prodcons.h" idref="260" line="26">
                        <systemCRoutine column="29"
                          file="paper_prodcons.h" idref="264" line="26" name="wait">
                          <arguments column="7" file="paper_prodcons.h"
                            idref="266" line="26">
                            <arguments_list column="11"
                              file="paper_prodcons.h" idref="268" line="26">
                              <primary_expression column="11"
                                file="paper_prodcons.h" idref="272" line="26">
                                <constant column="11"
                                  file="paper_prodcons.h" idref="274"
                                  line="26" value="2"/>
                              </primary_expression>
                              <primary_expression column="13"
                                file="paper_prodcons.h" idref="278" line="26">
                                <constant column="13"
                                  file="paper_prodcons.h" idref="280"
                                  line="26" value="SC_NS"/>
                              </primary_expression>
                            </arguments_list>
                          </arguments>
                        </systemCRoutine>
                      </block_statement>
                    </block>
                  </while_statement>
                </block_statement>
              </block>
            </function_definition>
          </member_declaration>
          <member_declaration column="3" file="paper_prodcons.h"
            idref="282" line="30">
            <function_definition column="3" file="paper_prodcons.h"
              idref="284" line="30">
              <declaration_specifiers column="3" file="paper_prodcons.h"
                idref="286" line="30">
                <builtin_type_specifier column="3"
                  file="paper_prodcons.h" idref="288" length="0"
                  line="30" name="void" sc_dt="false"/>
              </declaration_specifiers>
              <function_declarator column="3" file="paper_prodcons.h"
                idref="290" line="30">
                <qualified_id column="3" file="paper_prodcons.h"
                  idref="292" line="30" name="consume_secret"/>
              </function_declarator>
              <block column="23" file="paper_prodcons.h" idref="294" line="30">
                <block_statement column="25" file="paper_prodcons.h"
                  idref="296" line="31">
                  <systemCRoutine column="25" file="paper_prodcons.h"
                    idref="300" line="31" name="wait">
                    <arguments column="5" file="paper_prodcons.h"
                      idref="302" line="31">
                      <arguments_list column="9" file="paper_prodcons.h"
                        idref="304" line="31">
                        <primary_expression column="9"
                          file="paper_prodcons.h" idref="308" line="31">
                          <constant column="9" file="paper_prodcons.h"
                            idref="310" line="31" value="1"/>
                        </primary_expression>
                        <primary_expression column="11"
                          file="paper_prodcons.h" idref="314" line="31">
                          <constant column="11" file="paper_prodcons.h"
                            idref="316" line="31" value="SC_NS"/>
                        </primary_expression>
                      </arguments_list>
                    </arguments>
                  </systemCRoutine>
                </block_statement>
                <block_statement column="19" file="paper_prodcons.h"
                  idref="318" line="32">
                  <while_statement column="19" file="paper_prodcons.h"
                    idref="320" line="32">
                    <primary_expression column="11"
                      file="paper_prodcons.h" idref="324" line="32">
                      <constant column="11" file="paper_prodcons.h"
                        idref="326" line="32" value="true"/>
                    </primary_expression>
                    <block column="16" file="paper_prodcons.h"
                      idref="328" line="32">
                      <block_statement column="18"
                        file="paper_prodcons.h" idref="330" line="33">
                        <declaration column="18" file="paper_prodcons.h"
                          idref="332" line="33">
                          <init_declarator_list column="18"
                            file="paper_prodcons.h" idref="334" line="33">
                            <declaration_specifiers column="18"
                              file="paper_prodcons.h" idref="336" line="33">
                              <builtin_type_specifier column="18"
                                file="paper_prodcons.h" idref="338"
                                length="0" line="33" name="int" sc_dt="false"/>
                            </declaration_specifiers>
                            <init_declarator column="7"
                              file="paper_prodcons.h" idref="340" line="33">
                              <declarator column="7"
                                file="paper_prodcons.h" idref="342" line="33">
                                <qualified_id column="7"
                                  file="paper_prodcons.h" idref="344"
                                  line="33" name="read"/>
                              </declarator>
                              <initializer column="16"
                                file="paper_prodcons.h" idref="346" line="33">
                                <postfix_expression column="16"
                                  file="paper_prodcons.h" idref="348" line="33">
                                  <primary_expression column="16"
                                    file="paper_prodcons.h" idref="350" line="33">
                                    <id_expression column="18"
                                    file="paper_prodcons.h"
                                    idref="352" line="33" name="bus"/>
                                  </primary_expression>
                                  <dereferencing_operator column="18"
                                    file="paper_prodcons.h" idref="354"
                                    line="33" name="&amp;"/>
                                  <id_expression column="22"
                                    file="paper_prodcons.h" idref="356"
                                    line="33" name="read"/>
                                  <arguments column="22"
                                    file="paper_prodcons.h" idref="358" line="33"/>
                                </postfix_expression>
                              </initializer>
                            </init_declarator>
                          </init_declarator_list>
                        </declaration>
                      </block_statement>
                      <block_statement column="28"
                        file="paper_prodcons.h" idref="360" line="34">
                        <assignment column="18" file="paper_prodcons.h"
                          idref="370" line="34">
                          <primary_expression column="28"
                            file="paper_prodcons.h" idref="364" line="34">
                            <id_expression column="7"
                              file="paper_prodcons.h" idref="366"
                              line="34" name="SECRET_OUT"/>
                          </primary_expression>
                          <assignment_operator column="7"
                            file="paper_prodcons.h" idref="368" line="34"/>
                          <primary_expression column="18"
                            file="paper_prodcons.h" idref="374" line="34">
                            <id_expression column="20"
                              file="paper_prodcons.h" idref="376"
                              line="34" name="read"/>
                          </primary_expression>
                        </assignment>
                      </block_statement>
                      <block_statement column="24"
                        file="paper_prodcons.h" idref="378" line="35">
                        <systemCRoutine column="24"
                          file="paper_prodcons.h" idref="382" line="35" name="wait">
                          <arguments column="7" file="paper_prodcons.h"
                            idref="384" line="35">
                            <arguments_list column="11"
                              file="paper_prodcons.h" idref="386" line="35">
                              <primary_expression column="11"
                                file="paper_prodcons.h" idref="390" line="35">
                                <constant column="11"
                                  file="paper_prodcons.h" idref="392"
                                  line="35" value="4"/>
                              </primary_expression>
                              <primary_expression column="13"
                                file="paper_prodcons.h" idref="396" line="35">
                                <constant column="13"
                                  file="paper_prodcons.h" idref="398"
                                  line="35" value="SC_NS"/>
                              </primary_expression>
                            </arguments_list>
                          </arguments>
                        </systemCRoutine>
                      </block_statement>
                    </block>
                  </while_statement>
                </block_statement>
              </block>
            </function_definition>
          </member_declaration>
          <member_declaration column="3" file="paper_prodcons.h"
            idref="400" line="39">
            <function_definition column="3" file="paper_prodcons.h"
              idref="402" line="39">
              <declaration_specifiers column="3" file="paper_prodcons.h"
                idref="404" line="39">
                <builtin_type_specifier column="3"
                  file="paper_prodcons.h" idref="406" length="0"
                  line="39" name="void" sc_dt="false"/>
              </declaration_specifiers>
              <function_declarator column="3" file="paper_prodcons.h"
                idref="408" line="39">
                <qualified_id column="3" file="paper_prodcons.h"
                  idref="410" line="39" name="consume_public"/>
              </function_declarator>
              <block column="23" file="paper_prodcons.h" idref="412" line="39">
                <block_statement column="25" file="paper_prodcons.h"
                  idref="414" line="40">
                  <while_statement column="25" file="paper_prodcons.h"
                    idref="416" line="40">
                    <primary_expression column="11"
                      file="paper_prodcons.h" idref="420" line="40">
                      <constant column="11" file="paper_prodcons.h"
                        idref="422" line="40" value="true"/>
                    </primary_expression>
                    <block column="16" file="paper_prodcons.h"
                      idref="424" line="40">
                      <block_statement column="18"
                        file="paper_prodcons.h" idref="426" line="41">
                        <systemCRoutine column="18"
                          file="paper_prodcons.h" idref="430" line="41" name="wait">
                          <arguments column="7" file="paper_prodcons.h"
                            idref="432" line="41">
                            <arguments_list column="11"
                              file="paper_prodcons.h" idref="434" line="41">
                              <primary_expression column="11"
                                file="paper_prodcons.h" idref="438" line="41">
                                <id_expression column="12"
                                  file="paper_prodcons.h" idref="440"
                                  line="41" name="event"/>
                              </primary_expression>
                            </arguments_list>
                          </arguments>
                        </systemCRoutine>
                      </block_statement>
                      <block_statement column="18"
                        file="paper_prodcons.h" idref="442" line="42">
                        <declaration column="18" file="paper_prodcons.h"
                          idref="444" line="42">
                          <init_declarator_list column="18"
                            file="paper_prodcons.h" idref="446" line="42">
                            <declaration_specifiers column="18"
                              file="paper_prodcons.h" idref="448" line="42">
                              <builtin_type_specifier column="18"
                                file="paper_prodcons.h" idref="450"
                                length="0" line="42" name="int" sc_dt="false"/>
                            </declaration_specifiers>
                            <init_declarator column="7"
                              file="paper_prodcons.h" idref="452" line="42">
                              <declarator column="7"
                                file="paper_prodcons.h" idref="454" line="42">
                                <qualified_id column="7"
                                  file="paper_prodcons.h" idref="456"
                                  line="42" name="read"/>
                              </declarator>
                              <initializer column="16"
                                file="paper_prodcons.h" idref="458" line="42">
                                <postfix_expression column="16"
                                  file="paper_prodcons.h" idref="460" line="42">
                                  <primary_expression column="16"
                                    file="paper_prodcons.h" idref="462" line="42">
                                    <id_expression column="18"
                                    file="paper_prodcons.h"
                                    idref="464" line="42" name="bus"/>
                                  </primary_expression>
                                  <dereferencing_operator column="18"
                                    file="paper_prodcons.h" idref="466"
                                    line="42" name="&amp;"/>
                                  <id_expression column="22"
                                    file="paper_prodcons.h" idref="468"
                                    line="42" name="read"/>
                                  <arguments column="22"
                                    file="paper_prodcons.h" idref="470" line="42"/>
                                </postfix_expression>
                              </initializer>
                            </init_declarator>
                          </init_declarator_list>
                        </declaration>
                      </block_statement>
                      <block_statement column="28"
                        file="paper_prodcons.h" idref="472" line="43">
                        <assignment column="18" file="paper_prodcons.h"
                          idref="482" line="43">
                          <primary_expression column="28"
                            file="paper_prodcons.h" idref="476" line="43">
                            <id_expression column="7"
                              file="paper_prodcons.h" idref="478"
                              line="43" name="PUBLIC_OUT"/>
                          </primary_expression>
                          <assignment_operator column="7"
                            file="paper_prodcons.h" idref="480" line="43"/>
                          <primary_expression column="18"
                            file="paper_prodcons.h" idref="486" line="43">
                            <id_expression column="20"
                              file="paper_prodcons.h" idref="488"
                              line="43" name="read"/>
                          </primary_expression>
                        </assignment>
                      </block_statement>
                    </block>
                  </while_statement>
                </block_statement>
              </block>
            </function_definition>
          </member_declaration>
          <member_declaration column="3" file="paper_prodcons.h"
            idref="490" line="48"/>
          <member_declaration column="3" file="paper_prodcons.h"
            idref="492" line="48">
            <ctor_definition column="3" file="paper_prodcons.h"
              idref="494" line="48">
              <qualified_id column="10" file="paper_prodcons.h"
                idref="496" line="48" name="paperProdcons"/>
              <parameter_list column="24" file="paper_prodcons.h"
                idref="498" line="49">
                <parameter_declaration column="24"
                  file="paper_prodcons.h" idref="500" line="49">
                  <declaration_specifiers column="24"
                    file="paper_prodcons.h" idref="502" line="49">
                    <builtin_type_specifier column="24"
                      file="paper_prodcons.h" idref="504" length="0"
                      line="49" name="sc_module_name" sc_dt="true"/>
                  </declaration_specifiers>
                  <declarator column="24" file="paper_prodcons.h"
                    idref="506" line="49">
                    <qualified_id column="24" file="paper_prodcons.h"
                      idref="508" line="49" name="name"/>
                  </declarator>
                </parameter_declaration>
              </parameter_list>
              <ctor_initializer column="24" file="paper_prodcons.h"
                idref="510" line="49">
                <superclass_init column="24" file="paper_prodcons.h"
                  idref="512" line="49">
                  <declaration_specifiers column="24"
                    file="paper_prodcons.h" idref="514" line="49">
                    <builtin_type_specifier column="24"
                      file="paper_prodcons.h" idref="516" length="0"
                      line="49" name="sc_module" sc_dt="true"/>
                  </declaration_specifiers>
                  <arguments_list column="24" file="paper_prodcons.h"
                    idref="518" line="49">
                    <primary_expression column="24"
                      file="paper_prodcons.h" idref="520" line="49">
                      <id_expression column="24" file="paper_prodcons.h"
                        idref="522" line="49" name="name"/>
                    </primary_expression>
                  </arguments_list>
                </superclass_init>
              </ctor_initializer>
              <block column="24" file="paper_prodcons.h" idref="524" line="49">
                <sc_thread_block column="3" file="paper_prodcons.h"
                  idref="526" line="50">
                  <sc_thread column="3" file="paper_prodcons.h"
                    idref="528" line="50" name="produce"/>
                </sc_thread_block>
                <sc_thread_block column="23" file="paper_prodcons.h"
                  idref="530" line="51">
                  <sc_thread column="23" file="paper_prodcons.h"
                    idref="532" line="51" name="consume_secret"/>
                </sc_thread_block>
                <sc_thread_block column="30" file="paper_prodcons.h"
                  idref="534" line="52">
                  <sc_thread column="30" file="paper_prodcons.h"
                    idref="536" line="52" name="consume_public"/>
                </sc_thread_block>
              </block>
            </ctor_definition>
          </member_declaration>
        </class_specifier>
      </declaration_specifiers>
    </declaration>
  </external_declaration>
  <external_declaration column="2" file="paper_prodcons.cpp" idref="538" line="5">
    <sc_main_declaration column="2" file="paper_prodcons.cpp"
      idref="540" line="5">
      <declaration_specifiers column="1" file="paper_prodcons.cpp"
        idref="542" line="5">
        <builtin_type_specifier column="1" file="paper_prodcons.cpp"
          idref="544" length="0" line="5" name="int" sc_dt="false"/>
      </declaration_specifiers>
      <function_declarator column="5" file="paper_prodcons.cpp"
        idref="546" line="5">
        <qualified_id column="5" file="paper_prodcons.cpp" idref="548"
          line="5" name="sc_main"/>
        <parameter_list column="12" file="paper_prodcons.cpp"
          idref="550" line="5">
          <parameter_declaration column="12" file="paper_prodcons.cpp"
            idref="552" line="5">
            <declaration_specifiers column="12"
              file="paper_prodcons.cpp" idref="554" line="5">
              <builtin_type_specifier column="12"
                file="paper_prodcons.cpp" idref="556" length="0"
                line="5" name="int" sc_dt="false"/>
            </declaration_specifiers>
            <declarator column="13" file="paper_prodcons.cpp"
              idref="558" line="5">
              <qualified_id column="13" file="paper_prodcons.cpp"
                idref="560" line="5" name="argc"/>
            </declarator>
          </parameter_declaration>
          <parameter_declaration column="21" file="paper_prodcons.cpp"
            idref="562" line="5">
            <declaration_specifiers column="21"
              file="paper_prodcons.cpp" idref="564" line="5">
              <builtin_type_specifier column="21"
                file="paper_prodcons.cpp" idref="566" length="0"
                line="5" name="char" sc_dt="false"/>
            </declaration_specifiers>
            <declarator column="23" file="paper_prodcons.cpp"
              idref="568" line="5">
              <ptr_operator column="23" file="paper_prodcons.cpp"
                idref="570" line="5" name="*"/>
              <declarator column="27" file="paper_prodcons.cpp"
                idref="572" line="5">
                <qualified_id column="27" file="paper_prodcons.cpp"
                  idref="574" line="5" name="argv"/>
                <declarator_suffixes arrayCounter="1" column="29"
                  file="paper_prodcons.cpp" idref="576" line="5"/>
              </declarator>
            </declarator>
          </parameter_declaration>
        </parameter_list>
      </function_declarator>
      <block column="35" file="paper_prodcons.cpp" idref="578" line="6">
        <block_statement column="1" file="paper_prodcons.cpp"
          idref="580" line="7">
          <declaration column="1" file="paper_prodcons.cpp" idref="582" line="7">
            <init_declarator_list column="1" file="paper_prodcons.cpp"
              idref="584" line="7">
              <declaration_specifiers column="1"
                file="paper_prodcons.cpp" idref="586" line="7">
                <qualified_type column="1" file="paper_prodcons.cpp"
                  idref="588" line="7">
                  <qualified_id column="1" file="paper_prodcons.cpp"
                    idref="590" line="7" name="paperProdcons"/>
                </qualified_type>
              </declaration_specifiers>
              <init_declarator column="3" file="paper_prodcons.cpp"
                idref="592" line="7">
                <declarator column="3" file="paper_prodcons.cpp"
                  idref="594" line="7">
                  <qualified_id column="3" file="paper_prodcons.cpp"
                    idref="596" line="7" name="pc"/>
                </declarator>
                <arguments_list column="19" file="paper_prodcons.cpp"
                  idref="598" line="7">
                  <primary_expression column="19"
                    file="paper_prodcons.cpp" idref="602" line="7">
                    <constant column="19" file="paper_prodcons.cpp"
                      idref="604" line="7" value="&quot;prodcons&quot;"/>
                  </primary_expression>
                </arguments_list>
              </init_declarator>
            </init_declarator_list>
          </declaration>
        </block_statement>
        <block_statement column="31" file="paper_prodcons.cpp"
          idref="606" line="9">
          <declaration column="31" file="paper_prodcons.cpp" idref="608" line="9">
            <init_declarator_list column="31" file="paper_prodcons.cpp"
              idref="610" line="9">
              <declaration_specifiers column="31"
                file="paper_prodcons.cpp" idref="612" line="9">
                <builtin_type_specifier column="31"
                  file="paper_prodcons.cpp" idref="614" length="0"
                  line="9" name="sc_signal" sc_dt="true">
                  <declaration_specifiers column="12"
                    file="paper_prodcons.cpp" idref="616" line="9">
                    <builtin_type_specifier column="12"
                      file="paper_prodcons.cpp" idref="618" length="0"
                      line="9" name="int" sc_dt="false"/>
                  </declaration_specifiers>
                </builtin_type_specifier>
              </declaration_specifiers>
              <init_declarator column="16" file="paper_prodcons.cpp"
                idref="620" line="9">
                <declarator column="16" file="paper_prodcons.cpp"
                  idref="622" line="9">
                  <qualified_id column="16" file="paper_prodcons.cpp"
                    idref="624" line="9" name="b"/>
                </declarator>
              </init_declarator>
            </init_declarator_list>
          </declaration>
        </block_statement>
        <block_statement column="19" file="paper_prodcons.cpp"
          idref="626" line="10">
          <postfix_expression column="19" file="paper_prodcons.cpp"
            idref="628" line="10">
            <primary_expression column="19" file="paper_prodcons.cpp"
              idref="630" line="10">
              <id_expression column="3" file="paper_prodcons.cpp"
                idref="632" line="10" name="pc"/>
            </primary_expression>
            <dereferencing_operator column="3" file="paper_prodcons.cpp"
              idref="634" line="10" name="&amp;"/>
            <id_expression column="6" file="paper_prodcons.cpp"
              idref="636" line="10" name="bus"/>
            <arguments column="6" file="paper_prodcons.cpp" idref="638" line="10">
              <arguments_list column="9" file="paper_prodcons.cpp"
                idref="640" line="10">
                <primary_expression column="9" file="paper_prodcons.cpp"
                  idref="644" line="10">
                  <id_expression column="10" file="paper_prodcons.cpp"
                    idref="646" line="10" name="b"/>
                </primary_expression>
              </arguments_list>
            </arguments>
          </postfix_expression>
        </block_statement>
        <block_statement column="12" file="paper_prodcons.cpp"
          idref="648" line="12">
          <systemCRoutine column="12" file="paper_prodcons.cpp"
            idref="650" line="12" name="sc_start">
            <arguments column="3" file="paper_prodcons.cpp" idref="652" line="12">
              <arguments_list column="11" file="paper_prodcons.cpp"
                idref="654" line="12">
                <primary_expression column="11"
                  file="paper_prodcons.cpp" idref="658" line="12">
                  <constant column="11" file="paper_prodcons.cpp"
                    idref="660" line="12" value="1200"/>
                </primary_expression>
                <primary_expression column="16"
                  file="paper_prodcons.cpp" idref="664" line="12">
                  <constant column="16" file="paper_prodcons.cpp"
                    idref="666" line="12" value="SC_NS"/>
                </primary_expression>
              </arguments_list>
            </arguments>
          </systemCRoutine>
        </block_statement>
        <block_statement column="23" file="paper_prodcons.cpp"
          idref="668" line="13">
          <return_statement column="23" file="paper_prodcons.cpp"
            idref="670" line="13">
            <primary_expression column="3" file="paper_prodcons.cpp"
              idref="674" line="13">
              <constant column="3" file="paper_prodcons.cpp" idref="676"
                line="13" value="0"/>
            </primary_expression>
          </return_statement>
        </block_statement>
      </block>
    </sc_main_declaration>
  </external_declaration>
</INTERNAL>
