<?xml version="1.0" encoding="UTF-8"?><INTERNAL><external_declaration idref="2"><declaration idref="4"><declaration_specifiers idref="8"><class_specifier extSCModule="true" idref="10" keyword="class" name="paperTimingLeak"><base_clause column="26" file="paper_timing_leak.h" idref="12" line="8"><base_specifier column="26" file="paper_timing_leak.h" idref="14" length="0" line="8" name="sc_module" sc_dt="true"><base_class_access_specifier column="26" file="paper_timing_leak.h" idref="16" line="8" name="public"/></base_specifier></base_clause><member_declaration column="26" file="paper_timing_leak.h" idref="18" line="8"><access_specifier column="26" file="paper_timing_leak.h" idref="20" line="8" name="public"/></member_declaration><member_declaration column="1" file="paper_timing_leak.h" idref="22" line="9"><member_declarator_list column="1" file="paper_timing_leak.h" idref="24" line="9"><sc_port_specifier column="1" file="paper_timing_leak.h" idref="26" line="9" name="sc_inout" numOfChanels="1"><declaration_specifiers column="11" file="paper_timing_leak.h" idref="28" line="9"><builtin_type_specifier column="11" file="paper_timing_leak.h" idref="30" length="0" line="9" name="int" sc_dt="false"/></declaration_specifiers></sc_port_specifier><member_declarator column="15" file="paper_timing_leak.h" idref="32" line="9"><declarator column="15" file="paper_timing_leak.h" idref="34" line="9"><qualified_id column="15" file="paper_timing_leak.h" idref="36" line="9" name="bus"/></declarator></member_declarator></member_declarator_list></member_declaration><member_declaration column="20" file="paper_timing_leak.h" idref="38" line="10"><member_declarator_list column="20" file="paper_timing_leak.h" idref="40" line="10"><declaration_specifiers column="20" file="paper_timing_leak.h" idref="42" line="10"><builtin_type_specifier column="20" file="paper_timing_leak.h" idref="44" length="0" line="10" name="sc_event" sc_dt="true"/></declaration_specifiers><member_declarator column="3" file="paper_timing_leak.h" idref="46" line="10"><declarator column="3" file="paper_timing_leak.h" idref="48" line="10"><qualified_id column="3" file="paper_timing_leak.h" idref="50" line="10" name="event"/></declarator></member_declarator></member_declarator_list></member_declaration><member_declaration column="17" file="paper_timing_leak.h" idref="52" line="13"><member_declarator_list column="17" file="paper_timing_leak.h" idref="54" line="13"><declaration_specifiers column="17" file="paper_timing_leak.h" idref="56" line="13"><builtin_type_specifier column="17" file="paper_timing_leak.h" idref="58" length="0" line="13" name="int" sc_dt="false"/></declaration_specifiers><member_declarator column="3" file="paper_timing_leak.h" idref="60" line="13"><declarator column="3" file="paper_timing_leak.h" idref="62" line="13"><qualified_id column="3" file="paper_timing_leak.h" idref="64" line="13" name="SECRET_IN"/></declarator></member_declarator></member_declarator_list></member_declaration><member_declaration column="16" file="paper_timing_leak.h" idref="66" line="14"><member_declarator_list column="16" file="paper_timing_leak.h" idref="68" line="14"><declaration_specifiers column="16" file="paper_timing_leak.h" idref="70" line="14"><builtin_type_specifier column="16" file="paper_timing_leak.h" idref="72" length="0" line="14" name="int" sc_dt="false"/></declaration_specifiers><member_declarator column="3" file="paper_timing_leak.h" idref="74" line="14"><declarator column="3" file="paper_timing_leak.h" idref="76" line="14"><qualified_id column="3" file="paper_timing_leak.h" idref="78" line="14" name="SECRET_OUT"/></declarator></member_declarator></member_declarator_list></member_declaration><member_declaration column="17" file="paper_timing_leak.h" idref="80" line="15"><member_declarator_list column="17" file="paper_timing_leak.h" idref="82" line="15"><declaration_specifiers column="17" file="paper_timing_leak.h" idref="84" line="15"><builtin_type_specifier column="17" file="paper_timing_leak.h" idref="86" length="0" line="15" name="int" sc_dt="false"/></declaration_specifiers><member_declarator column="3" file="paper_timing_leak.h" idref="88" line="15"><declarator column="3" file="paper_timing_leak.h" idref="90" line="15"><qualified_id column="3" file="paper_timing_leak.h" idref="92" line="15" name="PUBLIC_IN"/></declarator></member_declarator></member_declarator_list></member_declaration><member_declaration column="16" file="paper_timing_leak.h" idref="94" line="16"><member_declarator_list column="16" file="paper_timing_leak.h" idref="96" line="16"><declaration_specifiers column="16" file="paper_timing_leak.h" idref="98" line="16"><builtin_type_specifier column="16" file="paper_timing_leak.h" idref="100" length="0" line="16" name="int" sc_dt="false"/></declaration_specifiers><member_declarator column="3" file="paper_timing_leak.h" idref="102" line="16"><declarator column="3" file="paper_timing_leak.h" idref="104" line="16"><qualified_id column="3" file="paper_timing_leak.h" idref="106" line="16" name="PUBLIC_OUT"/></declarator></member_declarator></member_declarator_list></member_declaration><member_declaration column="17" file="paper_timing_leak.h" idref="108" line="18"><function_definition column="17" file="paper_timing_leak.h" idref="110" line="18"><declaration_specifiers column="17" file="paper_timing_leak.h" idref="112" line="18"><builtin_type_specifier column="17" file="paper_timing_leak.h" idref="114" length="0" line="18" name="void" sc_dt="false"/></declaration_specifiers><function_declarator column="3" file="paper_timing_leak.h" idref="116" line="18"><qualified_id column="3" file="paper_timing_leak.h" idref="118" line="18" name="produce"/></function_declarator><block column="16" file="paper_timing_leak.h" idref="120" line="18"><block_statement column="18" file="paper_timing_leak.h" idref="122" line="19"><while_statement column="18" file="paper_timing_leak.h" idref="124" line="19"><primary_expression column="11" file="paper_timing_leak.h" idref="128" line="19"><constant column="11" file="paper_timing_leak.h" idref="130" line="19" value="true"/></primary_expression><block column="16" file="paper_timing_leak.h" idref="132" line="19"><block_statement column="18" file="paper_timing_leak.h" idref="134" line="20"><declaration column="18" file="paper_timing_leak.h" idref="136" line="20"><init_declarator_list column="18" file="paper_timing_leak.h" idref="138" line="20"><declaration_specifiers column="18" file="paper_timing_leak.h" idref="140" line="20"><builtin_type_specifier column="18" file="paper_timing_leak.h" idref="142" length="0" line="20" name="int" sc_dt="false"/></declaration_specifiers><init_declarator column="7" file="paper_timing_leak.h" idref="144" line="20"><declarator column="7" file="paper_timing_leak.h" idref="146" line="20"><qualified_id column="7" file="paper_timing_leak.h" idref="148" line="20" name="data"/></declarator><initializer column="16" file="paper_timing_leak.h" idref="150" line="20"><primary_expression column="16" file="paper_timing_leak.h" idref="154" line="20"><id_expression column="18" file="paper_timing_leak.h" idref="156" line="20" name="SECRET_IN"/></primary_expression></initializer></init_declarator></init_declarator_list></declaration></block_statement><block_statement column="27" file="paper_timing_leak.h" idref="158" line="21"><postfix_expression column="27" file="paper_timing_leak.h" idref="160" line="21"><primary_expression column="27" file="paper_timing_leak.h" idref="162" line="21"><id_expression column="7" file="paper_timing_leak.h" idref="164" line="21" name="bus"/></primary_expression><dereferencing_operator column="7" file="paper_timing_leak.h" idref="166" line="21" name="&amp;"/><id_expression column="11" file="paper_timing_leak.h" idref="168" line="21" name="write"/><arguments column="11" file="paper_timing_leak.h" idref="170" line="21"><arguments_list column="16" file="paper_timing_leak.h" idref="172" line="21"><primary_expression column="16" file="paper_timing_leak.h" idref="176" line="21"><id_expression column="17" file="paper_timing_leak.h" idref="178" line="21" name="data"/></primary_expression></arguments_list></arguments></postfix_expression></block_statement><block_statement column="22" file="paper_timing_leak.h" idref="180" line="22"><systemCRoutine column="22" file="paper_timing_leak.h" idref="184" line="22" name="wait"><arguments column="7" file="paper_timing_leak.h" idref="186" line="22"><arguments_list column="11" file="paper_timing_leak.h" idref="188" line="22"><primary_expression column="11" file="paper_timing_leak.h" idref="192" line="22"><constant column="11" file="paper_timing_leak.h" idref="194" line="22" value="2"/></primary_expression><primary_expression column="13" file="paper_timing_leak.h" idref="198" line="22"><constant column="13" file="paper_timing_leak.h" idref="200" line="22" value="SC_NS"/></primary_expression></arguments_list></arguments></systemCRoutine></block_statement><block_statement column="21" file="paper_timing_leak.h" idref="202" line="23"><if_statement column="21" file="paper_timing_leak.h" idref="204" line="23"><lt_node column="16" file="paper_timing_leak.h" idref="212" line="23"><primary_expression column="10" file="paper_timing_leak.h" idref="208" line="23"><id_expression column="11" file="paper_timing_leak.h" idref="210" line="23" name="data"/></primary_expression><primary_expression column="16" file="paper_timing_leak.h" idref="216" line="23"><constant column="16" file="paper_timing_leak.h" idref="218" line="23" value="0"/></primary_expression></lt_node><block column="19" file="paper_timing_leak.h" idref="220" line="23"><block_statement column="21" file="paper_timing_leak.h" idref="222" line="24"><assignment column="13" file="paper_timing_leak.h" idref="232" line="24"><primary_expression column="21" file="paper_timing_leak.h" idref="226" line="24"><id_expression column="8" file="paper_timing_leak.h" idref="228" line="24" name="data"/></primary_expression><assignment_operator column="8" file="paper_timing_leak.h" idref="230" line="24"/><primary_expression column="13" file="paper_timing_leak.h" idref="236" line="24"><id_expression column="15" file="paper_timing_leak.h" idref="238" line="24" name="PUBLIC_IN"/></primary_expression></assignment></block_statement><block_statement column="24" file="paper_timing_leak.h" idref="240" line="25"><postfix_expression column="24" file="paper_timing_leak.h" idref="242" line="25"><primary_expression column="24" file="paper_timing_leak.h" idref="244" line="25"><id_expression column="8" file="paper_timing_leak.h" idref="246" line="25" name="bus"/></primary_expression><dereferencing_operator column="8" file="paper_timing_leak.h" idref="248" line="25" name="&amp;"/><id_expression column="12" file="paper_timing_leak.h" idref="250" line="25" name="write"/><arguments column="12" file="paper_timing_leak.h" idref="252" line="25"><arguments_list column="17" file="paper_timing_leak.h" idref="254" line="25"><primary_expression column="17" file="paper_timing_leak.h" idref="258" line="25"><id_expression column="18" file="paper_timing_leak.h" idref="260" line="25" name="data"/></primary_expression></arguments_list></arguments></postfix_expression></block_statement><block_statement column="23" file="paper_timing_leak.h" idref="262" line="26"><sc_notify column="23" file="paper_timing_leak.h" idref="264" line="26" name="event"><arguments_list column="20" file="paper_timing_leak.h" idref="266" line="26"><primary_expression column="20" file="paper_timing_leak.h" idref="270" line="26"><constant column="20" file="paper_timing_leak.h" idref="272" line="26" value="750"/></primary_expression><primary_expression column="24" file="paper_timing_leak.h" idref="276" line="26"><constant column="24" file="paper_timing_leak.h" idref="278" line="26" value="SC_PS"/></primary_expression></arguments_list></sc_notify></block_statement></block><block column="9" file="paper_timing_leak.h" idref="280" line="27"><block_statement column="14" file="paper_timing_leak.h" idref="282" line="28"><assignment column="13" file="paper_timing_leak.h" idref="292" line="28"><primary_expression column="14" file="paper_timing_leak.h" idref="286" line="28"><id_expression column="8" file="paper_timing_leak.h" idref="288" line="28" name="data"/></primary_expression><assignment_operator column="8" file="paper_timing_leak.h" idref="290" line="28"/><primary_expression column="13" file="paper_timing_leak.h" idref="296" line="28"><id_expression column="15" file="paper_timing_leak.h" idref="298" line="28" name="PUBLIC_IN"/></primary_expression></assignment></block_statement><block_statement column="24" file="paper_timing_leak.h" idref="300" line="29"><postfix_expression column="24" file="paper_timing_leak.h" idref="302" line="29"><primary_expression column="24" file="paper_timing_leak.h" idref="304" line="29"><id_expression column="8" file="paper_timing_leak.h" idref="306" line="29" name="bus"/></primary_expression><dereferencing_operator column="8" file="paper_timing_leak.h" idref="308" line="29" name="&amp;"/><id_expression column="12" file="paper_timing_leak.h" idref="310" line="29" name="write"/><arguments column="12" file="paper_timing_leak.h" idref="312" line="29"><arguments_list column="17" file="paper_timing_leak.h" idref="314" line="29"><primary_expression column="17" file="paper_timing_leak.h" idref="318" line="29"><id_expression column="18" file="paper_timing_leak.h" idref="320" line="29" name="data"/></primary_expression></arguments_list></arguments></postfix_expression></block_statement><block_statement column="23" file="paper_timing_leak.h" idref="322" line="30"><sc_notify column="23" file="paper_timing_leak.h" idref="324" line="30" name="event"><arguments_list column="20" file="paper_timing_leak.h" idref="326" line="30"><primary_expression column="20" file="paper_timing_leak.h" idref="330" line="30"><constant column="20" file="paper_timing_leak.h" idref="332" line="30" value="1250"/></primary_expression><primary_expression column="25" file="paper_timing_leak.h" idref="336" line="30"><constant column="25" file="paper_timing_leak.h" idref="338" line="30" value="SC_PS"/></primary_expression></arguments_list></sc_notify></block_statement></block></if_statement></block_statement><block_statement column="7" file="paper_timing_leak.h" idref="340" line="32"><systemCRoutine column="7" file="paper_timing_leak.h" idref="344" line="32" name="wait"><arguments column="7" file="paper_timing_leak.h" idref="346" line="32"><arguments_list column="11" file="paper_timing_leak.h" idref="348" line="32"><primary_expression column="11" file="paper_timing_leak.h" idref="352" line="32"><constant column="11" file="paper_timing_leak.h" idref="354" line="32" value="2"/></primary_expression><primary_expression column="13" file="paper_timing_leak.h" idref="358" line="32"><constant column="13" file="paper_timing_leak.h" idref="360" line="32" value="SC_NS"/></primary_expression></arguments_list></arguments></systemCRoutine></block_statement></block></while_statement></block_statement></block></function_definition></member_declaration><member_declaration column="3" file="paper_timing_leak.h" idref="362" line="36"><function_definition column="3" file="paper_timing_leak.h" idref="364" line="36"><declaration_specifiers column="3" file="paper_timing_leak.h" idref="366" line="36"><builtin_type_specifier column="3" file="paper_timing_leak.h" idref="368" length="0" line="36" name="void" sc_dt="false"/></declaration_specifiers><function_declarator column="3" file="paper_timing_leak.h" idref="370" line="36"><qualified_id column="3" file="paper_timing_leak.h" idref="372" line="36" name="consume_secret"/></function_declarator><block column="23" file="paper_timing_leak.h" idref="374" line="36"><block_statement column="25" file="paper_timing_leak.h" idref="376" line="37"><systemCRoutine column="25" file="paper_timing_leak.h" idref="380" line="37" name="wait"><arguments column="5" file="paper_timing_leak.h" idref="382" line="37"><arguments_list column="9" file="paper_timing_leak.h" idref="384" line="37"><primary_expression column="9" file="paper_timing_leak.h" idref="388" line="37"><constant column="9" file="paper_timing_leak.h" idref="390" line="37" value="1"/></primary_expression><primary_expression column="11" file="paper_timing_leak.h" idref="394" line="37"><constant column="11" file="paper_timing_leak.h" idref="396" line="37" value="SC_NS"/></primary_expression></arguments_list></arguments></systemCRoutine></block_statement><block_statement column="19" file="paper_timing_leak.h" idref="398" line="38"><while_statement column="19" file="paper_timing_leak.h" idref="400" line="38"><primary_expression column="11" file="paper_timing_leak.h" idref="404" line="38"><constant column="11" file="paper_timing_leak.h" idref="406" line="38" value="true"/></primary_expression><block column="16" file="paper_timing_leak.h" idref="408" line="38"><block_statement column="18" file="paper_timing_leak.h" idref="410" line="39"><declaration column="18" file="paper_timing_leak.h" idref="412" line="39"><init_declarator_list column="18" file="paper_timing_leak.h" idref="414" line="39"><declaration_specifiers column="18" file="paper_timing_leak.h" idref="416" line="39"><builtin_type_specifier column="18" file="paper_timing_leak.h" idref="418" length="0" line="39" name="int" sc_dt="false"/></declaration_specifiers><init_declarator column="7" file="paper_timing_leak.h" idref="420" line="39"><declarator column="7" file="paper_timing_leak.h" idref="422" line="39"><qualified_id column="7" file="paper_timing_leak.h" idref="424" line="39" name="read"/></declarator><initializer column="16" file="paper_timing_leak.h" idref="426" line="39"><postfix_expression column="16" file="paper_timing_leak.h" idref="428" line="39"><primary_expression column="16" file="paper_timing_leak.h" idref="430" line="39"><id_expression column="18" file="paper_timing_leak.h" idref="432" line="39" name="bus"/></primary_expression><dereferencing_operator column="18" file="paper_timing_leak.h" idref="434" line="39" name="&amp;"/><id_expression column="22" file="paper_timing_leak.h" idref="436" line="39" name="read"/><arguments column="22" file="paper_timing_leak.h" idref="438" line="39"/></postfix_expression></initializer></init_declarator></init_declarator_list></declaration></block_statement><block_statement column="28" file="paper_timing_leak.h" idref="440" line="40"><assignment column="18" file="paper_timing_leak.h" idref="450" line="40"><primary_expression column="28" file="paper_timing_leak.h" idref="444" line="40"><id_expression column="7" file="paper_timing_leak.h" idref="446" line="40" name="SECRET_OUT"/></primary_expression><assignment_operator column="7" file="paper_timing_leak.h" idref="448" line="40"/><primary_expression column="18" file="paper_timing_leak.h" idref="454" line="40"><id_expression column="20" file="paper_timing_leak.h" idref="456" line="40" name="read"/></primary_expression></assignment></block_statement><block_statement column="24" file="paper_timing_leak.h" idref="458" line="41"><systemCRoutine column="24" file="paper_timing_leak.h" idref="462" line="41" name="wait"><arguments column="7" file="paper_timing_leak.h" idref="464" line="41"><arguments_list column="11" file="paper_timing_leak.h" idref="466" line="41"><primary_expression column="11" file="paper_timing_leak.h" idref="470" line="41"><constant column="11" file="paper_timing_leak.h" idref="472" line="41" value="4"/></primary_expression><primary_expression column="13" file="paper_timing_leak.h" idref="476" line="41"><constant column="13" file="paper_timing_leak.h" idref="478" line="41" value="SC_NS"/></primary_expression></arguments_list></arguments></systemCRoutine></block_statement></block></while_statement></block_statement></block></function_definition></member_declaration><member_declaration column="3" file="paper_timing_leak.h" idref="480" line="45"><function_definition column="3" file="paper_timing_leak.h" idref="482" line="45"><declaration_specifiers column="3" file="paper_timing_leak.h" idref="484" line="45"><builtin_type_specifier column="3" file="paper_timing_leak.h" idref="486" length="0" line="45" name="void" sc_dt="false"/></declaration_specifiers><function_declarator column="3" file="paper_timing_leak.h" idref="488" line="45"><qualified_id column="3" file="paper_timing_leak.h" idref="490" line="45" name="consume_public"/></function_declarator><block column="23" file="paper_timing_leak.h" idref="492" line="45"><block_statement column="25" file="paper_timing_leak.h" idref="494" line="46"><while_statement column="25" file="paper_timing_leak.h" idref="496" line="46"><primary_expression column="11" file="paper_timing_leak.h" idref="500" line="46"><constant column="11" file="paper_timing_leak.h" idref="502" line="46" value="true"/></primary_expression><block column="16" file="paper_timing_leak.h" idref="504" line="46"><block_statement column="18" file="paper_timing_leak.h" idref="506" line="47"><systemCRoutine column="18" file="paper_timing_leak.h" idref="510" line="47" name="wait"><arguments column="7" file="paper_timing_leak.h" idref="512" line="47"><arguments_list column="11" file="paper_timing_leak.h" idref="514" line="47"><primary_expression column="11" file="paper_timing_leak.h" idref="518" line="47"><id_expression column="12" file="paper_timing_leak.h" idref="520" line="47" name="event"/></primary_expression></arguments_list></arguments></systemCRoutine></block_statement><block_statement column="18" file="paper_timing_leak.h" idref="522" line="48"><declaration column="18" file="paper_timing_leak.h" idref="524" line="48"><init_declarator_list column="18" file="paper_timing_leak.h" idref="526" line="48"><declaration_specifiers column="18" file="paper_timing_leak.h" idref="528" line="48"><builtin_type_specifier column="18" file="paper_timing_leak.h" idref="530" length="0" line="48" name="int" sc_dt="false"/></declaration_specifiers><init_declarator column="7" file="paper_timing_leak.h" idref="532" line="48"><declarator column="7" file="paper_timing_leak.h" idref="534" line="48"><qualified_id column="7" file="paper_timing_leak.h" idref="536" line="48" name="read"/></declarator><initializer column="16" file="paper_timing_leak.h" idref="538" line="48"><postfix_expression column="16" file="paper_timing_leak.h" idref="540" line="48"><primary_expression column="16" file="paper_timing_leak.h" idref="542" line="48"><id_expression column="18" file="paper_timing_leak.h" idref="544" line="48" name="bus"/></primary_expression><dereferencing_operator column="18" file="paper_timing_leak.h" idref="546" line="48" name="&amp;"/><id_expression column="22" file="paper_timing_leak.h" idref="548" line="48" name="read"/><arguments column="22" file="paper_timing_leak.h" idref="550" line="48"/></postfix_expression></initializer></init_declarator></init_declarator_list></declaration></block_statement><block_statement column="28" file="paper_timing_leak.h" idref="552" line="49"><assignment column="18" file="paper_timing_leak.h" idref="562" line="49"><primary_expression column="28" file="paper_timing_leak.h" idref="556" line="49"><id_expression column="7" file="paper_timing_leak.h" idref="558" line="49" name="PUBLIC_OUT"/></primary_expression><assignment_operator column="7" file="paper_timing_leak.h" idref="560" line="49"/><primary_expression column="18" file="paper_timing_leak.h" idref="566" line="49"><id_expression column="20" file="paper_timing_leak.h" idref="568" line="49" name="read"/></primary_expression></assignment></block_statement></block></while_statement></block_statement></block></function_definition></member_declaration><member_declaration column="3" file="paper_timing_leak.h" idref="570" line="54"/><member_declaration column="3" file="paper_timing_leak.h" idref="572" line="54"><ctor_definition column="3" file="paper_timing_leak.h" idref="574" line="54"><qualified_id column="10" file="paper_timing_leak.h" idref="576" line="54" name="paperTimingLeak"/><parameter_list column="26" file="paper_timing_leak.h" idref="578" line="55"><parameter_declaration column="26" file="paper_timing_leak.h" idref="580" line="55"><declaration_specifiers column="26" file="paper_timing_leak.h" idref="582" line="55"><builtin_type_specifier column="26" file="paper_timing_leak.h" idref="584" length="0" line="55" name="sc_module_name" sc_dt="true"/></declaration_specifiers><declarator column="26" file="paper_timing_leak.h" idref="586" line="55"><qualified_id column="26" file="paper_timing_leak.h" idref="588" line="55" name="name"/></declarator></parameter_declaration></parameter_list><ctor_initializer column="26" file="paper_timing_leak.h" idref="590" line="55"><superclass_init column="26" file="paper_timing_leak.h" idref="592" line="55"><declaration_specifiers column="26" file="paper_timing_leak.h" idref="594" line="55"><builtin_type_specifier column="26" file="paper_timing_leak.h" idref="596" length="0" line="55" name="sc_module" sc_dt="true"/></declaration_specifiers><arguments_list column="26" file="paper_timing_leak.h" idref="598" line="55"><primary_expression column="26" file="paper_timing_leak.h" idref="600" line="55"><id_expression column="26" file="paper_timing_leak.h" idref="602" line="55" name="name"/></primary_expression></arguments_list></superclass_init></ctor_initializer><block column="26" file="paper_timing_leak.h" idref="604" line="55"><sc_thread_block column="3" file="paper_timing_leak.h" idref="606" line="56"><sc_thread column="3" file="paper_timing_leak.h" idref="608" line="56" name="produce"/></sc_thread_block><sc_thread_block column="23" file="paper_timing_leak.h" idref="610" line="57"><sc_thread column="23" file="paper_timing_leak.h" idref="612" line="57" name="consume_secret"/></sc_thread_block><sc_thread_block column="30" file="paper_timing_leak.h" idref="614" line="58"><sc_thread column="30" file="paper_timing_leak.h" idref="616" line="58" name="consume_public"/></sc_thread_block></block></ctor_definition></member_declaration></class_specifier></declaration_specifiers></declaration></external_declaration><external_declaration column="2" file="paper_timing_leak.cpp" idref="618" line="5"><sc_main_declaration column="2" file="paper_timing_leak.cpp" idref="620" line="5"><declaration_specifiers column="1" file="paper_timing_leak.cpp" idref="622" line="5"><builtin_type_specifier column="1" file="paper_timing_leak.cpp" idref="624" length="0" line="5" name="int" sc_dt="false"/></declaration_specifiers><function_declarator column="5" file="paper_timing_leak.cpp" idref="626" line="5"><qualified_id column="5" file="paper_timing_leak.cpp" idref="628" line="5" name="sc_main"/><parameter_list column="12" file="paper_timing_leak.cpp" idref="630" line="5"><parameter_declaration column="12" file="paper_timing_leak.cpp" idref="632" line="5"><declaration_specifiers column="12" file="paper_timing_leak.cpp" idref="634" line="5"><builtin_type_specifier column="12" file="paper_timing_leak.cpp" idref="636" length="0" line="5" name="int" sc_dt="false"/></declaration_specifiers><declarator column="13" file="paper_timing_leak.cpp" idref="638" line="5"><qualified_id column="13" file="paper_timing_leak.cpp" idref="640" line="5" name="argc"/></declarator></parameter_declaration><parameter_declaration column="21" file="paper_timing_leak.cpp" idref="642" line="5"><declaration_specifiers column="21" file="paper_timing_leak.cpp" idref="644" line="5"><builtin_type_specifier column="21" file="paper_timing_leak.cpp" idref="646" length="0" line="5" name="char" sc_dt="false"/></declaration_specifiers><declarator column="23" file="paper_timing_leak.cpp" idref="648" line="5"><ptr_operator column="23" file="paper_timing_leak.cpp" idref="650" line="5" name="*"/><declarator column="27" file="paper_timing_leak.cpp" idref="652" line="5"><qualified_id column="27" file="paper_timing_leak.cpp" idref="654" line="5" name="argv"/><declarator_suffixes arrayCounter="1" column="29" file="paper_timing_leak.cpp" idref="656" line="5"/></declarator></declarator></parameter_declaration></parameter_list></function_declarator><block column="35" file="paper_timing_leak.cpp" idref="658" line="6"><block_statement column="1" file="paper_timing_leak.cpp" idref="660" line="7"><declaration column="1" file="paper_timing_leak.cpp" idref="662" line="7"><init_declarator_list column="1" file="paper_timing_leak.cpp" idref="664" line="7"><declaration_specifiers column="1" file="paper_timing_leak.cpp" idref="666" line="7"><qualified_type column="1" file="paper_timing_leak.cpp" idref="668" line="7"><qualified_id column="1" file="paper_timing_leak.cpp" idref="670" line="7" name="paperTimingLeak"/></qualified_type></declaration_specifiers><init_declarator column="3" file="paper_timing_leak.cpp" idref="672" line="7"><declarator column="3" file="paper_timing_leak.cpp" idref="674" line="7"><qualified_id column="3" file="paper_timing_leak.cpp" idref="676" line="7" name="tl"/></declarator><arguments_list column="21" file="paper_timing_leak.cpp" idref="678" line="7"><primary_expression column="21" file="paper_timing_leak.cpp" idref="682" line="7"><constant column="21" file="paper_timing_leak.cpp" idref="684" line="7" value="&quot;timingLeak&quot;"/></primary_expression></arguments_list></init_declarator></init_declarator_list></declaration></block_statement><block_statement column="35" file="paper_timing_leak.cpp" idref="686" line="9"><declaration column="35" file="paper_timing_leak.cpp" idref="688" line="9"><init_declarator_list column="35" file="paper_timing_leak.cpp" idref="690" line="9"><declaration_specifiers column="35" file="paper_timing_leak.cpp" idref="692" line="9"><builtin_type_specifier column="35" file="paper_timing_leak.cpp" idref="694" length="0" line="9" name="sc_signal" sc_dt="true"><declaration_specifiers column="12" file="paper_timing_leak.cpp" idref="696" line="9"><builtin_type_specifier column="12" file="paper_timing_leak.cpp" idref="698" length="0" line="9" name="int" sc_dt="false"/></declaration_specifiers></builtin_type_specifier></declaration_specifiers><init_declarator column="16" file="paper_timing_leak.cpp" idref="700" line="9"><declarator column="16" file="paper_timing_leak.cpp" idref="702" line="9"><qualified_id column="16" file="paper_timing_leak.cpp" idref="704" line="9" name="b"/></declarator></init_declarator></init_declarator_list></declaration></block_statement><block_statement column="19" file="paper_timing_leak.cpp" idref="706" line="10"><postfix_expression column="19" file="paper_timing_leak.cpp" idref="708" line="10"><primary_expression column="19" file="paper_timing_leak.cpp" idref="710" line="10"><id_expression column="3" file="paper_timing_leak.cpp" idref="712" line="10" name="tl"/></primary_expression><dereferencing_operator column="3" file="paper_timing_leak.cpp" idref="714" line="10" name="&amp;"/><id_expression column="6" file="paper_timing_leak.cpp" idref="716" line="10" name="bus"/><arguments column="6" file="paper_timing_leak.cpp" idref="718" line="10"><arguments_list column="9" file="paper_timing_leak.cpp" idref="720" line="10"><primary_expression column="9" file="paper_timing_leak.cpp" idref="724" line="10"><id_expression column="10" file="paper_timing_leak.cpp" idref="726" line="10" name="b"/></primary_expression></arguments_list></arguments></postfix_expression></block_statement><block_statement column="12" file="paper_timing_leak.cpp" idref="728" line="12"><systemCRoutine column="12" file="paper_timing_leak.cpp" idref="730" line="12" name="sc_start"><arguments column="3" file="paper_timing_leak.cpp" idref="732" line="12"><arguments_list column="11" file="paper_timing_leak.cpp" idref="734" line="12"><primary_expression column="11" file="paper_timing_leak.cpp" idref="738" line="12"><constant column="11" file="paper_timing_leak.cpp" idref="740" line="12" value="1200"/></primary_expression><primary_expression column="16" file="paper_timing_leak.cpp" idref="744" line="12"><constant column="16" file="paper_timing_leak.cpp" idref="746" line="12" value="SC_NS"/></primary_expression></arguments_list></arguments></systemCRoutine></block_statement><block_statement column="23" file="paper_timing_leak.cpp" idref="748" line="13"><return_statement column="23" file="paper_timing_leak.cpp" idref="750" line="13"><primary_expression column="3" file="paper_timing_leak.cpp" idref="754" line="13"><constant column="3" file="paper_timing_leak.cpp" idref="756" line="13" value="0"/></primary_expression></return_statement></block_statement></block></sc_main_declaration></external_declaration></INTERNAL> 
